city,o,d,planned_length_m,actual_length_m,length_delta_m,length_delta_pct,planned_friction_cost,actual_friction_cost,friction_savings_pct,overlap_pct,diverges_completely,planned_n_edges,actual_n_edges,great_circle_m,circuity
Lanaken,5373285524,4559179542,6629.119073550714,6662.26870603741,33.14963248669574,0.5000608997801574,10103.440082098801,8415.507769597409,16.70651083972931,75.0,False,103,84,4958.590532587591,1.3435811370697657
Lanaken,360826165,2341014746,1815.76034869967,1815.76034869967,0.0,0.0,2125.8524906007283,2125.8524906007283,0.0,100.0,False,27,27,1298.372633517823,1.3984893872724595
Lanaken,619568978,258891805,1651.262555605019,1651.262555605019,0.0,0.0,2212.103333706073,2212.103333706073,0.0,100.0,False,21,21,594.1318612984189,2.7792863220570956
Lanaken,3798531747,923014857,5021.259691586377,5021.259691586377,0.0,0.0,5327.699223310899,5327.699223310899,0.0,100.0,False,42,42,3935.5448269067083,1.2758740942948497
Lanaken,247742183,642886226,2970.948232230341,3249.340760614429,278.3925283840881,9.370494085489135,4685.974270831383,3844.01715139138,17.967600135598346,0.0,True,20,19,2559.8930643183776,1.2693267566157616
Lanaken,2204882102,3297729170,2562.5715225499343,2563.251382935299,0.6798603853644636,0.02653039649359546,3285.9576819491176,3285.636446634202,0.009776002797609547,91.30434782608695,False,23,23,1548.8540699898897,1.654934078426143
Lanaken,361146893,923018165,10201.01826001466,10716.213640382948,515.1953803682882,5.050430920094714,14311.573604312558,12332.297617443659,13.829897686949511,41.02564102564103,False,103,78,7402.6924506513205,1.4476102731297569
Lanaken,297167870,258898996,3171.2517081037004,3192.6857321046537,21.434024000953286,0.6758852962122675,4505.99300241946,4445.623314367926,1.3397643542526454,87.27272727272727,False,55,55,2657.112536111691,1.2015621049971403
Lanaken,2534660917,9986532098,2022.4033750360736,2032.876982603668,10.4736075675944,0.5178792567732726,2743.880938444855,2690.3302242424243,1.9516413213170105,90.47619047619048,False,43,42,1904.9703519544878,1.0671436332423487
Lanaken,258899029,923038574,4657.855974955469,4664.049890255952,6.193915300483241,0.1329778192753686,4937.857407720733,4929.351419697594,0.1722607058243412,97.72727272727273,False,46,44,3698.442771308149,1.2610847804483576
Lanaken,2510002225,8350544118,4585.794908269145,4650.112342209065,64.31743393992019,1.4025362064043128,5110.209564642045,4901.498500000557,4.084197761390774,58.69565217391305,False,46,49,2951.4348042995684,1.5755429648775945
Lanaken,258893404,12293960697,6292.0437667276765,6318.416197597751,26.372430870074822,0.41913934244278817,7828.480349985544,7787.614389612857,0.5220165159226954,89.65517241379311,False,29,31,4582.144426223396,1.3789212233114596
Lanaken,6051501238,923038625,3844.607620974799,3847.0515373171,2.443916342301236,0.06356738016561446,4339.916076059642,4335.559401904096,0.10038613833061863,87.5,False,25,24,2910.4128573260773,1.3218233033960527
Lanaken,620000692,2216215592,3398.3001673406034,3666.0850185279414,267.78485118733806,7.879964629401692,4734.371990394596,4471.784270957666,5.546410801045729,67.6470588235294,False,34,36,2352.497561945233,1.5583799438655015
Lanaken,191072771,1435420701,4536.375233137755,4988.838613227215,452.46338008946077,9.97411714939854,7699.206981967322,6509.024418153951,15.458508474976107,53.225806451612904,False,71,62,3850.812590374581,1.2955287997388456
Lanaken,12398353007,12527557369,4960.298709153172,5057.29251539941,96.99380624623791,1.9554025258046768,8352.982538343089,6510.046351379258,22.06321129613421,40.816326530612244,False,67,49,3279.1117098490827,1.542275153423232
Lanaken,3186375716,6067373400,3452.369145559437,3452.369145559437,0.0,0.0,4198.7889124606545,4198.7889124606545,0.0,100.0,False,33,33,2439.148056560996,1.4153995844053033
Lanaken,30976757,11907142581,5241.07974148066,5274.9426326091825,33.86289112852228,0.6461052454614181,6467.145118267933,6409.141150490578,0.8969022144486797,63.63636363636363,False,66,67,3818.8542087343894,1.3812893460411406
Lanaken,10215791777,9048324947,7732.867334900288,7914.675496146374,181.80816124608555,2.351109276445771,9523.50711746261,9426.37215901016,1.0199494498653834,69.44444444444444,False,36,36,6763.461191387794,1.1702108243371707
Lanaken,1435412676,4512778095,6342.737998617397,6379.70213356843,36.964134951032975,0.5827788402909042,9108.513225965788,8032.354887944857,11.814862769843801,77.10843373493977,False,90,83,4573.554628747242,1.3949111033830413
Lanaken,11631416449,9063863695,9581.861940513523,10456.809178097257,874.947237583734,9.131286205286765,15922.75682718447,12298.792739955768,22.75965227982136,15.254237288135593,False,131,59,8325.194997083767,1.2560437541415155
Lanaken,4538643793,30642917,5539.686462326479,5542.025168680352,2.3387063538730217,0.04221730543375996,5815.505465776997,5799.706155278686,0.2716756194502132,89.74358974358974,False,39,40,4741.420077841927,1.1688534400442374
Lanaken,4512859320,258896885,1892.4108240721807,1934.5520301124438,42.141206040263114,2.226852938284386,2223.2400264940206,2173.1413351728042,2.2534090212571627,72.22222222222223,False,21,18,1403.9603482269492,1.3779249766957982
Lanaken,30985254,12293527826,4281.446416962216,4364.063781117419,82.61736415520318,1.9296601220533802,5859.225065902392,5453.756577586401,6.920172612511577,55.10204081632653,False,49,49,3109.6049238927603,1.4034142239697331
Lanaken,10724494196,5253035930,6845.785187003394,7451.568782475195,605.7835954718012,8.84900093888238,11291.781049475801,8821.250241797563,21.879017994180185,35.714285714285715,False,106,84,5947.594496000425,1.2528710199537219
Lanaken,240889636,2322525609,2386.060712621249,2386.060712621249,0.0,0.0,2571.660219497494,2571.660219497494,0.0,100.0,False,13,13,2099.566093491074,1.1364542035701308
Lanaken,2327690516,923038600,1084.8982900069975,1084.8982900069975,0.0,0.0,1121.1703839998586,1121.1703839998586,0.0,100.0,False,9,9,1084.8476163257744,1.0000467104139426
Lanaken,12398353011,8350492207,9036.829938750307,9229.341816703167,192.51187795286023,2.130303206518928,10636.185440063387,10426.871309747436,1.967943596841843,89.79591836734694,False,49,49,6866.0998198267225,1.344189868905239
Lanaken,2193472035,3186375733,2355.8846201752176,2355.8846201752176,0.0,0.0,2513.0652298832656,2513.0652298832656,0.0,100.0,False,15,15,1959.463735802712,1.2023109063613817
Lanaken,4538676906,11967483783,2317.7244155728135,2343.9589207001513,26.234505127337798,1.1319078726990963,2516.137827717963,2411.1399301754195,4.17297877667426,86.36363636363636,False,24,22,2014.2836711910304,1.1636687295956614
Lanaken,2079037652,9807445854,5127.76186247333,5143.781573779868,16.01971130653783,0.31241137432249755,5904.096534082866,5862.011623664104,0.7128086435547971,22.448979591836736,False,49,55,3610.829027428732,1.4245430993011459
Lanaken,12551607581,10078597943,5622.495405050002,5767.208484550583,144.71307950058144,2.573822992733855,7003.959615502322,6570.938223011366,6.182522690915024,37.2093023255814,False,43,54,4746.7237152416565,1.2149871849571034
Lanaken,3881235471,31345771,1898.0537843503075,1898.0537843503075,0.0,0.0,2412.5359143703345,2412.5359143703345,0.0,100.0,False,20,20,794.6767626913955,2.3884601557015666
Lanaken,258896077,6581845222,5805.399568082555,5805.399568082555,0.0,0.0,6198.168534627612,6198.168534627612,0.0,100.0,False,49,49,4831.341430405352,1.2016123579151554
Lanaken,10748913183,11990880434,3893.751035228477,4175.41962380043,281.66858857195257,7.233862309725842,5542.824791121238,4712.958039431586,14.97191022561226,13.953488372093023,False,44,43,3068.426277534016,1.360769086867573
Lanaken,5912579499,3249052473,5144.29518044273,5282.704845671727,138.40966522899635,2.6905467196982364,6562.129897072164,6501.639833424254,0.9218053375459485,75.51020408163265,False,49,49,3665.4864815227756,1.4412015628215058
Lanaken,7717832685,13255569948,2624.2484945818023,2729.948587834427,105.70009325262481,4.027823335742032,3209.110383808119,3164.859860859432,1.3789031119639035,58.62068965517241,False,29,34,2183.944483108045,1.2500082346183752
Lanaken,5227963773,1391456634,1798.3532003662556,1901.598159338263,103.24495897200745,5.741083506342381,2316.0508685870614,2234.9090898263357,3.503454084764005,50.0,False,18,16,1467.7829907773992,1.2955581113057437
Lanaken,4529154892,1435417215,7727.753370188321,8564.001008700912,836.247638512591,10.821355165637385,9981.74095015214,9591.796009026719,3.9065824596407444,40.84507042253521,False,82,71,5486.1120469852,1.5610328289607416
Lanaken,3754830497,6051501248,9812.05216902098,9889.961989797073,77.9098207760926,0.7940216728776955,12238.693355048483,10890.83728635908,11.013071653873986,48.23529411764706,False,85,88,7939.195320959502,1.2457133991511131
Lanaken,12742092878,315880891,2962.4142779008307,3028.140544279616,65.72626637878511,2.2186723467103597,5034.020670096413,3593.3496028983163,28.618695901590417,41.666666666666664,False,34,24,2624.540852509373,1.153779161556717
Lanaken,12873862992,363383818,3909.15497491344,3909.15497491344,0.0,0.0,4853.598932462669,4853.598932462669,0.0,100.0,False,28,28,3028.5439394174273,1.2907704339483375
Lanaken,3560722616,12873937974,1521.2372729298754,1550.0742400309034,28.836967101027994,1.8956258575947538,1783.2729523763817,1766.4508799430143,0.9433257208858755,66.66666666666667,False,25,21,1128.501950285851,1.3735680648476216
Lanaken,4485942796,4538673397,2902.3031458809573,2902.3031458809573,0.0,0.0,3054.0112108170024,3054.0112108170024,0.0,100.0,False,25,25,2294.655308651046,1.2648100718827038
Lanaken,361147276,189178207,7181.575337201562,7846.264482988638,664.6891457870752,9.255478284045738,10664.18053621875,9292.896412608656,12.858785716847184,24.56140350877193,False,82,57,5627.6549343920615,1.3942334017386313
Lanaken,1477629976,620000744,4470.701714295973,4470.701714295973,0.0,0.0,4816.945191605428,4816.945191605428,0.0,100.0,False,34,34,4141.517402497981,1.0794839861349956
Lanaken,3754830489,325736954,8658.873936704358,8862.056983820567,203.1830471162084,2.346529682744655,11344.535730969108,10776.50770497959,5.007062778592836,75.32467532467533,False,77,77,6847.869829599667,1.2941333880960542
Lanaken,3756217193,315885019,3078.613567598615,3078.613567598615,0.0,0.0,3527.200634292585,3527.200634292585,0.0,100.0,False,16,16,2569.787321416903,1.1980032518415418
Lanaken,315885581,324597910,2380.9151826622724,2380.9151826622724,0.0,0.0,2994.6632465085845,2994.6632465085845,0.0,100.0,False,7,7,1491.0296631153717,1.5968261675542827
Lanaken,2326391007,6268483753,2524.0808385047017,2524.0808385047017,0.0,0.0,2682.2455768117593,2682.2455768117593,0.0,100.0,False,17,17,2238.3989784879445,1.1276277655423776
Lanaken,2356698958,261886037,12253.422826896454,12412.09135114216,158.66852424570607,1.2948914477791966,16093.02562622526,14377.55305022032,10.659726864595303,45.833333333333336,False,122,96,8896.126588145486,1.395224228000742
Lanaken,12293437831,13596192314,5563.788332740886,5813.54601506794,249.75768232705377,4.488986053932353,8696.740026886098,6568.74021701692,24.468936673862117,38.297872340425535,False,64,47,3639.0688973704187,1.5975366718857102
Lanaken,12193044545,2312887779,5084.009410578666,5095.228667686523,11.21925710785763,0.2206773473808469,5620.321335709371,5613.784907026791,0.11629991048820976,82.6086956521739,False,46,48,4129.897926421473,1.2337420339348442
Lanaken,3018703044,923038625,5111.207513864642,5620.624878595147,509.41736473050423,9.96667349835945,6486.345055343282,6425.476776152826,0.9384064318366,9.090909090909092,False,55,57,4313.644709466284,1.3029874403565729
Lanaken,2323734268,2078977801,5215.3353051138565,5215.3353051138565,0.0,0.0,5674.994544346018,5674.994544346018,0.0,100.0,False,45,45,4246.972439939271,1.2280125145310414
Lanaken,1778262255,7997767864,7682.946151709499,8463.292009065992,780.3458573564931,10.156857043477544,12307.950354899163,10571.597828958627,14.107568489252015,48.275862068965516,False,59,58,6651.2327403725885,1.2724396122382413
Lanaken,5373285521,621021779,5490.72239103383,5523.477405573653,32.755014539823605,0.596552005494058,8141.047654884512,7090.974794538021,12.898497894389081,80.28169014084507,False,80,71,4159.9521324582065,1.3277742699192334
Lanaken,4538676897,12328282822,3443.5236397394565,3445.601569253238,2.077929513781328,0.06034311743358753,3938.6015985741274,3917.8120606203665,0.5278405909672906,91.66666666666667,False,36,36,3122.27303291929,1.1035554972050727
Lanaken,11967425341,2323734250,3422.9267347744244,3422.9267347744244,0.0,0.0,3570.947445359392,3570.947445359392,0.0,100.0,False,20,20,2973.2527974688924,1.1512397256258653
Lanaken,4559179547,12531587828,2130.056314151822,2130.056314151822,0.0,0.0,2633.3339101238985,2633.3339101238985,0.0,100.0,False,32,32,1634.8403904836327,1.3029139275924606
Lanaken,315885564,2356698910,3867.9807388898284,3867.9807388898284,0.0,0.0,4156.294537029464,4156.294537029464,0.0,100.0,False,21,21,3013.0498117629463,1.283742712712293
Lanaken,1435412778,417991873,3208.551280938995,3602.5384423698742,393.98716143087904,12.279285164349226,4188.526782309046,3961.363164537486,5.423472967417186,26.666666666666668,False,15,17,2483.940700399696,1.4503319027665122
Lanaken,5732496997,11893511388,4571.44572788894,4629.832107148303,58.38637925936291,1.2771972530083018,4778.18509390301,4697.360647138436,1.6915302604686882,35.483870967741936,False,31,33,3128.6688065875665,1.4798089517816535
Lanaken,2600699267,315884710,6790.512808558905,6935.810619499035,145.29781094013015,2.1397177950536186,8768.9445434639,8035.53130706348,8.36375726594238,53.84615384615385,False,65,66,5675.218497761967,1.2221222182430835
Lanaken,5824296439,12097314739,5157.323350043532,5527.7902967986565,370.4669467551248,7.183318198421625,8059.082589545355,6433.071394091168,20.176132672514488,50.0,False,77,62,4547.934069336573,1.2154508426295239
Lanaken,258891708,35344796,7077.249151467396,7077.249151467396,0.0,0.0,8627.282598547723,8627.282598547723,0.0,100.0,False,29,29,5418.7399517980175,1.3060691626508227
Lanaken,6581845219,621021779,4896.868144562688,4906.233360065094,9.36521550240559,0.19124908463799253,5198.724744747283,5176.148438253861,0.4342662403165796,58.97435897435897,False,40,39,3287.8207270028806,1.4922447929627627
Lanaken,5907046890,2576245766,6374.850752424754,6408.106280032207,33.25552760745268,0.5216675479783354,6842.437457309567,6815.55804865136,0.3928338231209262,85.18518518518519,False,55,54,4791.060924194618,1.3375130021143316
Lanaken,923018236,191072795,4516.361192016532,4592.8128959532805,76.45170393674834,1.6927721385944565,5024.457893716645,4985.454148124275,0.7762776884078685,94.87179487179488,False,39,40,3718.1835252273277,1.2352302851087693
Lanaken,2800121262,3785155347,2543.6098121989135,2618.8863873129044,75.27657511399093,2.9594387768505825,3471.024528060339,3080.349288717385,11.255329260414907,42.30769230769231,False,47,26,1768.5570247481014,1.480804040054019
Lanaken,1621374026,12873908002,1444.9487548301781,1446.8657148903217,1.9169600601435377,0.1326663007068949,1646.7214213698148,1634.9446207248723,0.7151665419610629,76.19047619047619,False,25,21,1029.5410218709067,1.4053502329232521
Lanaken,9140691693,1376471020,1793.487382387506,1793.487382387506,0.0,0.0,2424.810422341422,2424.810422341422,0.0,100.0,False,10,10,1380.027197328868,1.2996029251154737
Lanaken,2317747942,13355806970,7161.751087128905,7367.1427739249975,205.39168679609247,2.8678975895325696,8632.681543475665,8086.777060402941,6.323695370012839,39.39393939393939,False,66,80,5516.682841444802,1.3354298199958812
Lanaken,3780154223,325739191,8961.6323390005,9103.38907621036,141.75673720986015,1.5818182653281045,11262.03851033955,10582.289125371448,6.035757952204046,64.70588235294117,False,82,68,7434.301806509328,1.2245116371573201
Lanaken,4559246229,13274574191,5334.918560325498,5526.078175312484,191.15961498698562,3.583177752863812,6598.011094585105,6519.299590667506,1.192958041283019,60.78431372549019,False,57,51,4481.203770196184,1.2331682419946182
Lanaken,6064511461,258891710,7570.720402643504,7902.789034415315,332.06863177181094,4.386222368691108,9189.316268694563,8793.599558767024,4.30626934971904,83.92857142857143,False,60,56,5647.0978781796875,1.3994425464009732
Lanaken,11967483783,94101886,6479.444272977918,7033.14082364291,553.6965506649913,8.545432715181224,9973.010271798095,8794.378419547722,11.818215565097082,64.1025641025641,False,81,78,5040.64450858451,1.39528602179048
Lanaken,6154111689,2317491971,3636.967112492555,3778.2102061709693,141.24309367841443,3.8835405795466498,4834.820223482691,3984.332756086335,17.590880903193547,0.0,True,26,20,2589.2736977757,1.4591776100829426
Lanaken,5745854153,1477629891,2225.2917550489788,2266.512670931302,41.220915882323425,1.8523825376513898,2481.982584754272,2481.583440781574,0.016081658878254138,81.25,False,16,20,1710.4327416720357,1.325110666857131
Lanaken,190197476,36948772,1822.4734390650224,1822.4734390650224,0.0,0.0,2397.4993998912446,2397.4993998912446,0.0,100.0,False,11,11,931.955513172048,1.9555369471038004
Lanaken,9140680751,3789414580,1110.4424128357894,1110.4424128357894,0.0,0.0,1252.353376988799,1252.353376988799,0.0,100.0,False,14,14,789.5308768635545,1.4064585000742085
Lanaken,31723462,12180610089,2235.3722646941997,2235.3722646941997,0.0,0.0,2888.3853485316185,2888.3853485316185,0.0,100.0,False,26,26,494.72209957487456,4.518440285192644
Lanaken,12293437851,11967483804,4185.085080540208,4621.537319566926,436.4522390267184,10.428754269683365,5851.653918953559,5679.213368949533,2.946868567286408,38.297872340425535,False,47,54,3441.5330693673736,1.3428716872438662
Lanaken,923038615,10271882064,5350.6640728322645,5556.055759628357,205.39168679609247,3.8386204777638486,6658.678371456349,6112.773888383631,8.198390921129906,13.043478260869565,False,46,60,4346.650129532987,1.2782385501603073
Lanaken,4960605262,261887118,4827.803219143575,5535.000298614509,707.1970794709341,14.64842387665475,7252.506888777532,6824.914715119442,5.8957844537830475,54.83870967741935,False,44,31,3965.67689203367,1.3957264924263817
Lanaken,13061834696,35344803,8804.258955105544,9206.679252229875,402.4202971243303,4.57074580809517,11528.928448928662,10678.74334050719,7.374363646956944,57.5,False,48,40,7942.482312785934,1.1591689964998495
Lanaken,7717805078,7006677708,2300.6185339433414,2305.57683649887,4.958302555528462,0.2155204125487834,2572.137995459154,2564.682122726308,0.28987063470188607,88.0,False,26,25,1191.02770647784,1.9357877436092767
Lanaken,9140672194,4072520432,518.7891542504761,518.7891542504761,0.0,0.0,632.4029821552405,632.4029821552405,0.0,100.0,False,7,7,397.0785119417305,1.3065153078004033
Lanaken,2341003575,2327521747,4726.133559861483,4726.133559861483,0.0,0.0,5018.343519433543,5018.343519433543,0.0,100.0,False,42,42,3782.9161823348786,1.2493360497732295
Lanaken,325736446,4512885602,4462.607746534355,4530.444033272564,67.83628673820931,1.520104176552168,5192.565111548653,5111.869922951755,1.554052512840432,15.384615384615385,False,35,26,3493.6326648402055,1.2967717181221687
Lanaken,923014775,4559179544,2813.5765660680036,2813.5765660680036,0.0,0.0,2917.9679482861447,2917.9679482861447,0.0,100.0,False,26,26,2687.1105951619047,1.0470639247725042
Lanaken,3808908039,13061712212,8575.99974911255,9365.779397985249,789.7796488726981,9.20918460794527,13516.599819241506,11121.238798958608,17.72162416818016,33.333333333333336,False,117,45,7217.5506184197775,1.2976395862168277
Lanaken,3789411621,12873928599,1794.495139450001,1794.495139450001,0.0,0.0,2097.782719531559,2097.782719531559,0.0,100.0,False,28,28,1354.767297033306,1.324578134842507
Lanaken,258893419,36948632,3912.6987195951324,4104.940926575836,192.2422069807035,4.9132892859329536,4861.412150448579,4660.114122383731,4.140731578298161,82.3529411764706,False,19,17,3415.447833230232,1.2018748717627175
Lanaken,2327707827,365276111,5439.862545915092,5453.9166962021045,14.054150287012817,0.2583548787931485,6123.902495588091,6009.364170053815,1.870348615393449,90.3225806451613,False,31,33,4750.936891454701,1.1479665633975946
Lanaken,1640542795,4538597295,10203.760163608797,10907.9532593677,704.1930957589029,6.901309757067523,13837.505046736818,12397.321547721967,10.4078263686305,48.05194805194805,False,100,77,7982.416990108276,1.3664975499131047
Lanaken,12536099014,5227963783,1391.2266935608727,1595.2541433776673,204.02744981679461,14.665291484206808,2124.5338191802416,1768.8010206558959,16.744040283698872,7.142857142857143,False,16,14,904.6993780312338,1.7632974909844503
Lanaken,11161650430,7717805103,8805.862117732702,9588.780693653207,782.9185759205047,8.890879342113609,14748.092540004904,11931.144342517482,19.100423935138156,57.47126436781609,False,100,87,7386.84282356007,1.2980891732351654
Lanaken,12294686488,365275712,7799.272434363201,8124.97021691286,325.6977825496597,4.1760021244372965,11318.608095817253,9277.655331443666,18.031835249493383,26.19047619047619,False,108,42,6457.421696542847,1.258237513164547
Lanaken,2600705500,3808908032,2714.870503983334,2714.870503983334,0.0,0.0,3972.1935614452987,3972.1935614452987,0.0,100.0,False,24,24,2286.8002553264887,1.1871917967735792
Lanaken,12527537093,2204882029,1598.162901150122,1611.8915170619184,13.728615911796396,0.859024815425046,2147.681008000931,2083.832366727039,2.9729108296824136,86.20689655172414,False,29,32,1333.5130204579652,1.2087557394140407
Lanaken,2079037650,12873954315,3078.8104935965493,3078.8104935965493,0.0,0.0,3665.882580731382,3665.882580731382,0.0,100.0,False,33,33,2356.8922956597125,1.306300885817426
Lanaken,3785155159,4538678689,7256.4389660948655,7491.997843630203,235.55887753533716,3.246204903479066,9709.183107691064,8933.2554231389,7.991688651309065,36.36363636363637,False,55,62,4693.5357431695775,1.5962375176396983
Lanaken,1477629854,370250015,2324.5616457360675,2324.5616457360675,0.0,0.0,2393.9917314939084,2393.9917314939084,0.0,100.0,False,17,17,1914.7494189614242,1.214029168890898
Lanaken,1621401439,325736791,3358.130508965464,3744.5230918074426,386.39258284197876,11.506181246094998,5112.172878693082,4468.067749294044,12.59943950807278,4.3478260869565215,False,39,23,2908.8014429085456,1.2873079050948382
Lanaken,1477629899,12192914385,4820.6588177280355,4820.6588177280355,0.0,0.0,5231.242989910282,5231.242989910282,0.0,100.0,False,38,38,3920.351795576973,1.2296495490957746
Lanaken,7717805058,364351934,2745.570806265162,2758.544207955418,12.973401690256196,0.47252111148078874,3249.5157550104827,3242.2089740840584,0.22485753193096333,73.6842105263158,False,20,19,2084.3303946070027,1.3234678221326506
Lanaken,361147525,3756218247,6892.891911912096,7638.476104673231,745.5841927611355,10.816710929017159,11360.50500282852,9533.800259056228,16.079432589638245,47.252747252747255,False,101,91,6136.368408710334,1.244787730448308
Lanaken,11516993123,2312887561,3662.4024251739093,3941.8014761947575,279.3990510208482,7.62884627588627,4941.651871624017,4694.849116000301,4.994337157599222,20.0,False,25,38,3236.649706520314,1.2178647161766987
Lanaken,31345784,6051501236,5020.730679586974,5375.196314449038,354.4656348620647,7.060040808467036,6457.812544175464,6296.223116658404,2.5022316211826685,21.875,False,65,64,3512.9719384779332,1.5300994168424675
Lanaken,191072903,2600699249,5217.10854281077,5420.121308345802,203.01276553503249,3.8912888982305383,6921.663224249641,6354.43679447843,8.194944067546746,65.3061224489796,False,49,49,4534.539463010107,1.1952969761449226
Lanaken,2600699235,1707796563,3862.0972325647817,3862.0972325647817,0.0,0.0,4537.7032184732425,4537.7032184732425,0.0,100.0,False,29,29,3139.39574711099,1.2302040085640216
Lanaken,2327631972,5808093250,5258.247655303966,5443.854211730261,185.60655642629536,3.5298176996109154,6237.3205503089375,6141.992645687712,1.5283470498642873,25.925925925925927,False,59,54,4028.7559064401935,1.3512494522261707
Lanaken,12293441749,36948709,1940.8289157849333,1948.417195224042,7.588279439108646,0.3909813676719518,2715.442893095163,2551.5483513478594,6.035646787640252,60.714285714285715,False,28,28,1446.5419718866867,1.346948262194406
Lanaken,2079037652,3785155226,5926.407679804515,6052.625132759464,126.21745295494839,2.1297463788233975,7249.6396474200055,6733.672481603082,7.1171422430705995,23.333333333333332,False,65,60,4717.744150831047,1.2829489983455913
Lanaken,1477629994,258896531,5566.787430396704,5587.6880719145665,20.900641517862823,0.3754524809720171,6193.995294141452,6038.569426378976,2.5092990934217387,91.48936170212765,False,47,48,4309.588782898749,1.296571054316726
Lanaken,10079982339,4549997071,2777.592569711594,2794.123106467858,16.530536756264155,0.5951390040613685,3500.408020570132,3485.58647030823,0.4234235030545889,93.18181818181819,False,44,44,2491.4566980019063,1.1214817053447823
Lanaken,1640542838,12536297220,3664.257166832963,3686.0517649394287,21.794598106465855,0.5947889876218225,6103.57721921787,5055.809820228762,17.166447828170053,73.80952380952381,False,52,42,2622.9240394037665,1.4053215836846455
Lanaken,11907025984,315882346,5094.176887710939,5594.925564340609,500.7486766296697,9.829825066296047,8609.755251246055,6526.933009677599,24.191422180868816,11.11111111111111,False,62,36,4351.536698834811,1.2857355806831947
Lanaken,258896622,5078569143,4485.361083167043,4982.1190960743115,496.7580129072685,11.075095264270574,7655.654628319944,6540.868691208261,14.561601734067853,61.666666666666664,False,64,60,3550.94016112158,1.4030422564205327
Lanaken,315880823,7366672076,5085.437024079185,5321.217670114575,235.78064603539042,4.6363890638894105,6882.322374682651,6294.032232498028,8.54784344814637,53.57142857142857,False,28,34,4436.674331855302,1.199370806170797
Lanaken,11111983134,4714157641,7808.607458435399,8862.573893578377,1053.9664351429783,13.497495433765346,12781.10889501696,10785.620006589832,15.612799365203122,59.036144578313255,False,92,83,6463.482775374785,1.3711762221048824
Lanaken,7997767861,315881334,10617.206483883934,10736.194878597202,118.98839471326755,1.1207128249213423,12636.293340508784,11771.04900447645,6.8472954268842265,35.8974358974359,False,78,84,7609.2014938492075,1.410948952695714
Lanaken,10048283783,12163248160,7026.357353370253,7486.701836328597,460.3444829583441,6.551680476905091,9873.94064460887,8751.850709949595,11.364155153919548,36.666666666666664,False,81,60,4935.255502898453,1.5169836357877906
Lanaken,6223404311,31723600,6087.440640704515,6287.830136130607,200.38949542609134,3.291851325599123,7631.896997630931,7348.936736101183,3.7076006347777457,67.9245283018868,False,53,54,5059.913351063049,1.24267545704307
Lanaken,35344798,34574702,5188.68789910706,5686.45317565948,497.7652765524199,9.593278420890995,9630.232084356858,7097.856556102746,26.296100717735015,35.55555555555556,False,58,45,4699.3275079434825,1.2100567934555349
Lanaken,258896883,1435412703,3606.1048476432297,3715.6400101585305,109.53516251530073,3.037492450805679,5968.712144615663,4935.074987731737,17.317590995175806,66.66666666666667,False,48,39,2767.435754363316,1.3426291845439284
Lanaken,2600699234,191072799,6994.345824032435,7224.044407093096,229.6985830606609,3.28406099497427,10453.096372339318,8380.523052526445,19.827362591789132,4.838709677419355,False,89,62,6151.763764918682,1.174304586968903
Lanaken,7717805164,454390163,9363.709177306393,9479.685572597125,115.9763952907324,1.2385732309137638,12951.816696576216,11525.845884988117,11.009813101856597,79.41176470588235,False,90,68,7465.341187129228,1.2698261653386678
Lanaken,31152616,258899025,2242.7400709197846,2261.1079641241536,18.36789320436901,0.8189934019788586,3310.146092260408,2647.744449513594,20.011250992685877,68.75,False,17,16,1990.816180524661,1.1357693323188984
Lanaken,5808093223,3789411619,2240.9788664359503,2367.928960253664,126.95009381771388,5.6649393583802565,3136.7314029531444,2803.3327007710136,10.628857219596338,71.42857142857143,False,28,36,1083.8764590949027,2.1846852935905785
Lanaken,1477630023,5227963769,9719.046318676388,9946.482623253192,227.4363045768041,2.340109277386159,13209.060313950524,11601.555155990092,12.169716238351128,37.93103448275862,False,104,87,6854.782226835509,1.451028244823608
Lanaken,3450527008,4530875011,8305.140033816673,8707.134834303764,401.9948004870912,4.840313334275621,11537.53033388889,10388.551043195044,9.958624224102609,77.90697674418605,False,92,86,6952.496385886328,1.25237531255383
Lanaken,1477629934,951622483,4000.0894614975055,4584.62117634971,584.5317148522049,14.612966046848735,5453.05186540056,4726.381274795828,13.325943133155096,0.0,True,25,29,3299.7796389918913,1.3893719211354212
Lanaken,4559179544,325698689,1704.9081988669855,1704.9081988669855,0.0,0.0,2101.0796858682565,2101.0796858682565,0.0,100.0,False,26,26,1423.7015130747457,1.1975180072576606
Lanaken,9986563195,9140669893,1463.4882897741065,1474.4487062074654,10.960416433358887,0.7489240952553613,1674.7258535260078,1672.4203921686287,0.1376620151008639,92.85714285714286,False,28,29,1078.6750582826257,1.3669072023923097
Lanaken,1477629818,12536297226,2570.7964136549494,2576.990328955434,6.193915300484605,0.24093371484358808,3030.6589490344704,3022.1529610113316,0.28066463980873524,97.5,False,42,40,1917.1091695980756,1.3442063549754464
Lanaken,259068369,261886190,2932.451212304643,3135.9101256178956,203.45891331325265,6.938185790083519,4574.842226124023,4123.50686591174,9.865594000925176,50.0,False,32,26,1783.702130337223,1.758090699272208
Lanaken,2204882099,13192415045,8804.20041975206,9967.085174995289,1162.884755243229,13.208294902445866,15401.967122746777,11772.930444666401,23.562163515598883,0.0,True,127,53,7955.481257702462,1.2528576024668778
Lanaken,620000760,11146467038,3525.9009542354165,3525.9009542354165,0.0,0.0,4049.9019282657523,4049.9019282657523,0.0,100.0,False,48,48,3019.062503188422,1.1678794163789998
Lanaken,7997767835,4512859291,5551.837573907833,5551.837573907833,0.0,0.0,6022.238736123613,6022.238736123613,0.0,100.0,False,47,47,3773.794208468572,1.4711553590943693
Lanaken,3786532123,4538623095,3401.2455547629397,3704.1152337617355,302.86967899879573,8.904669601836646,4859.321606390912,4364.021601003879,10.192780916900439,7.407407407407407,False,27,34,3102.633829674783,1.1938615502526122
Lanaken,2218204057,13355254555,5020.736765416366,5020.736765416366,0.0,0.0,5609.943996522707,5609.943996522707,0.0,100.0,False,42,42,4607.605267271442,1.0896629537863114
Lanaken,923099291,325736791,3792.6839403672643,3825.939467974717,33.25552760745268,0.8768336125638874,4144.050476703369,4117.171068045161,0.6486264781116083,77.77777777777777,False,37,36,3024.2506153139448,1.2650867783910658
Lanaken,31075602,10078597938,8273.167970564304,8424.710048219618,151.54207765531464,1.8317297339362266,9452.667917059598,9353.282149496137,1.0514044123362831,43.18181818181818,False,44,48,5665.281576715851,1.4870770206453536
Lanaken,258897650,12097253737,3262.892188016564,3339.6805081176094,76.78832010104543,2.3533820817942273,4341.688991503758,3679.960426879724,15.241270526722884,28.0,False,32,25,2515.6606127228083,1.3275560666758337
Lanaken,2627452360,620000695,3645.3093654082945,3764.2717060964937,118.96234068819922,3.2634360698457425,5085.9561585260035,4419.935057879635,13.095297715649066,50.0,False,40,34,2840.543608133048,1.3251941266870984
Lanaken,9372762255,11898426076,6129.6551114695285,6461.723743241339,332.06863177181094,5.417411350770117,7607.224919489889,7211.50820956235,5.2018536866670395,76.3157894736842,False,42,38,4048.1990317401846,1.596197146577465
Lanaken,36948782,9063921328,3435.6975719203238,3536.1604340775475,100.46286215722375,2.9240892149035043,5996.186957140123,4574.545005301148,23.70909983295494,38.70967741935484,False,36,31,2338.644206251349,1.5120557563331607
Lanaken,12873023762,2312962053,6419.759816027535,6444.993086443457,25.23327041592256,0.3930563002205367,6847.050658961496,6755.14527615816,1.3422623459496226,95.45454545454545,False,44,45,4992.079354706093,1.2910437972841287
Lanaken,3808908015,923014885,9282.477537351071,9690.645393846862,408.16785649579106,4.397186579266093,12868.271162899848,11181.816330222564,13.105527629379264,39.726027397260275,False,96,73,6692.079210736777,1.448076911328124
Lanaken,5732496997,258896622,5826.184237050393,5900.555873800237,74.37163674984458,1.2765067791178626,6305.935811339837,6167.229663901678,2.199612422136085,34.78260869565217,False,49,46,4036.3941274695712,1.461838385316281
Lanaken,12292367601,1707791272,4183.043454286881,4190.1214540333385,7.077999746457863,0.1692069380537791,5318.177417645139,5307.562635403711,0.19959436114728035,86.84210526315789,False,38,38,2691.7193343762096,1.5566710096854786
Lanaken,8944333167,282184724,2746.6941887099424,2760.044294580439,13.350105870496463,0.48604267360272435,4051.927487123676,3955.7856379695254,2.3727435759813806,86.95652173913044,False,24,23,2420.565618200084,1.1402476651852922
Lanaken,416057382,2356698920,7118.984294900918,7145.218800028257,26.234505127338707,0.3685147212100127,7715.393759284758,7610.395861742214,1.3608883851998947,94.82758620689656,False,60,58,4841.768870927576,1.4757455364983976
Lanaken,2319048337,258895723,3606.769694836295,3606.769694836295,0.0,0.0,4076.337787886816,4076.337787886816,0.0,100.0,False,38,38,2813.541673104677,1.2819322099666324
Lanaken,9063863695,2341014739,5849.097890738871,6261.167777795663,412.06988705679214,7.045016082039594,9114.576270187952,7953.962103810631,12.73360529302355,47.69230769230769,False,78,65,4192.505856777342,1.4934189698684026
Lanaken,621517459,9858059926,7093.576197936463,7093.576197936463,0.0,0.0,7886.543940483704,7886.543940483704,0.0,100.0,False,72,72,5860.142937553974,1.2104783575291638
Lanaken,2312962006,923014815,2140.6976751649336,2140.6976751649336,0.0,0.0,2208.6642185694145,2208.6642185694145,0.0,100.0,False,15,15,1519.8519389274104,1.4084909327915627
Lanaken,2078977801,3756218246,4511.709845223156,4511.709845223156,0.0,0.0,5065.087070164945,5065.087070164945,0.0,100.0,False,45,45,3742.194926410203,1.2056319710612
Lanaken,30976752,2423978891,5265.8199565092855,5650.030179127173,384.21022261788767,7.296303819559011,6800.0535616990865,6475.724761293172,4.769503614393239,64.44444444444444,False,47,45,4391.970886132212,1.286445271522023
Lanaken,1707796549,11146467026,720.9897018336036,746.6512317072226,25.661529873618974,3.5592089329926893,881.8098887704693,850.6323145290067,3.535634453468684,61.111111111111114,False,18,19,541.6249004441278,1.3785393380086015
Lanaken,3785155224,2356698943,9712.431188025683,10310.279733231084,597.848545205401,6.155498387906006,11742.082828985447,11400.070439139607,2.9127063301033744,2.7027027027027026,False,74,92,7238.507125756901,1.4243654878150003
Lanaken,2323734268,315881334,2392.8267167438394,2402.784972912699,9.958256168859407,0.4161712212245194,2765.2991379629475,2760.661497377246,0.1677084595309869,77.77777777777777,False,27,27,1634.222900939119,1.4702920706422113
Lanaken,1523017472,12193029153,2742.8667212312143,2742.8667212312143,0.0,0.0,3050.7735675753297,3050.7735675753297,0.0,100.0,False,26,26,2389.010120481472,1.1481185021846738
Lanaken,10748913212,3186375726,3613.870801651398,3630.110328335605,16.23952668420725,0.4493665539118449,4334.491927030431,4299.0670524002,0.8172785928915235,84.21052631578948,False,39,38,3116.4676614442533,1.1648156575619066
Lanaken,315881515,2327690531,3598.0286103450485,3607.1237373659797,9.095127020931159,0.2527808421195112,4022.1146780783893,4017.4822606765383,0.1151736778441169,88.23529411764706,False,34,34,2796.929491366727,1.2896727459523298
Lanaken,189178146,1391364043,7708.297046655163,7835.233858379257,126.93681172409379,1.6467555798096165,11068.513854185594,9640.328617705738,12.903134560741261,73.84615384615384,False,86,65,5999.584262438669,1.3059627993614422
Lanaken,13192517934,12873871700,4383.534193643759,4849.490179899919,465.95598625616003,10.62968750036919,7790.532111186649,6597.366310137717,15.315587998612198,58.064516129032256,False,66,62,3615.467989114213,1.3413174157539811
Lanaken,6360974922,3229279213,10836.782327219738,11029.294205172597,192.5118779528584,1.7764671480879404,12828.519843624255,12619.205713308302,1.6316311847931724,91.66666666666667,False,60,60,8783.50382485237,1.2556827463279407
Lanaken,9140680747,3269187472,6129.7166009244365,6265.769369047485,136.05276812304874,2.219560494893521,7655.182290944942,7062.11875449734,7.747216381105868,14.583333333333334,False,50,48,5084.724172052153,1.2322732083456696
Lanaken,4623780953,193292114,4118.020716651046,4504.003701041533,385.9829843904863,9.373021918752864,6972.86682338329,5950.229075882848,14.665958398503445,57.89473684210526,False,27,19,3901.3636258514225,1.1544690864488674
Lanaken,3829592418,361146882,3344.398201679238,4101.948268379521,757.5500667002834,22.651311865911005,5205.335236433221,4772.441370220477,8.316349409790744,10.0,False,20,26,3004.1572216249056,1.3654239661134766
Lanaken,2327521738,3229279214,1835.5396828709102,2086.317172068706,250.77748919779583,13.662330024135606,2275.837736085529,2152.64199706853,5.413203984783951,0.0,True,12,18,1091.2537347889609,1.9118534082013308
Lanaken,1966476272,1477629855,2502.186598833699,2638.4801112977434,136.2935124640444,5.446976357701401,2697.3325747711983,2670.9510412861528,0.9780600928412909,0.0,True,25,13,1715.2983087755115,1.5382048112559836
Lanaken,4715736838,258897802,1876.2618196652165,1907.2755684400768,31.013748774860233,1.6529542119230487,2428.3648773072255,2360.587813798491,2.791057643029798,70.83333333333333,False,24,26,1238.0381534579826,1.5405628357355847
Lanaken,11906970127,1523017498,3045.4853757502487,3045.4853757502487,0.0,0.0,3320.2391076809436,3320.2391076809436,0.0,100.0,False,24,24,2834.3167245525274,1.074504253306786
Lanaken,12328254270,2322525596,4018.526106655886,4018.526106655886,0.0,0.0,4395.056484659029,4395.056484659029,0.0,100.0,False,47,47,3201.1153016311987,1.2553518783307047
Lanaken,4943044504,416057388,2485.6006184249695,2500.8297500805443,15.229131655574747,0.6126942334454707,2859.2870336815718,2829.9081689930877,1.0274891727346571,80.76923076923077,False,26,27,1947.9949239691482,1.2837968514748306
Lanaken,191072828,1391342335,8098.457209315104,8302.777386954574,204.32017763947078,2.522951870443363,10049.904500852821,9425.120242445355,6.216817864830932,64.0,False,34,25,7588.810025830063,1.0940815962837886
Lanaken,10048064168,1435412753,5312.363102424567,5846.253307666664,533.8902052420972,10.049956957920086,7148.033432087571,6917.088232244968,3.2308914338017556,26.19047619047619,False,44,42,3888.2086764836477,1.503585273862873
Lanaken,2357833482,6067373395,7972.797950339505,8015.90398287791,43.10603253840418,0.5406638021796175,8935.765270266753,8842.177762969683,1.0473362321689148,92.7536231884058,False,69,69,5991.351763292129,1.337912427707855
Lanaken,3186375707,619500147,3545.47508924528,3545.47508924528,0.0,0.0,3614.4171292430374,3614.4171292430374,0.0,100.0,False,37,37,2649.0321810595638,1.3384039328005277
Lanaken,6064398466,3186375707,3751.4069326457065,3767.362295717747,15.955363072040655,0.4253167773720571,4200.73426065909,4079.8782358756175,2.8770214273090056,50.0,False,40,32,2772.762494024077,1.3587035686746538
Lanaken,315880959,360826165,4988.119238421828,5232.072866368304,243.95362794647554,4.890693591832802,8151.89915044422,6067.3835653227925,25.570919691859,20.0,False,75,40,4386.552389564935,1.192752850465153
Lanaken,4285671497,12294650629,8371.57933790132,8631.231667729022,259.6523298277025,3.1015931325187083,14550.27124914267,10241.887543618692,29.610332561860908,9.523809523809524,False,114,42,7087.131441348132,1.2178737955066299
Lanaken,5907046908,3797229947,5042.048703098324,5150.960267855502,108.91156475717798,2.1600657028610644,6223.429752460492,5908.67463839932,5.0575828213812475,73.52941176470588,False,37,34,4066.423245715138,1.2667053960217152
Lanaken,297166835,2356698958,8147.951469110275,8449.302609437578,301.35114032730326,3.6984896322683873,9800.388369549391,8977.498744868439,8.396500155419739,40.98360655737705,False,61,66,5949.427124719832,1.4201875966058612
Lanaken,2256111720,1435417384,3523.8262302438234,3592.5224646902607,68.6962344464373,1.9494784917837455,4669.48322869862,4413.434147122991,5.4834564990394,45.45454545454545,False,22,23,2431.9391366482696,1.4772254825593711
Lanaken,30985260,258895723,4760.227753863742,4794.090644992264,33.86289112852228,0.7113712385092652,5712.747999883349,5654.744032105994,1.015342664835543,55.55555555555556,False,54,55,3389.8005072985197,1.4142692570463047
Lanaken,12100600004,297168256,3227.0290513650643,3339.9905985199775,112.9615471549132,3.5004812586713276,5688.148736078967,4660.668136342471,18.063532572897746,59.45945945945946,False,50,37,2556.3371328863686,1.3065532536973257
Lanaken,10748877500,621516885,6160.931257925923,6309.1770179385085,148.24576001258538,2.40622324460884,6925.117312521526,6849.53523312656,1.0914194804801889,63.333333333333336,False,60,68,4180.424574893152,1.5092191964974673
Lanaken,11932583649,5745854212,6893.545106002961,7137.428554556981,243.8834485540201,3.537852364839743,7919.4028897303515,7670.691332524777,3.1405342128520366,35.0,False,60,68,5454.957675775417,1.3084296852115178
Lanaken,620000695,4538678689,4797.660589836433,4810.284981937896,12.624392101462945,0.26313641544812466,5225.526707299271,5216.392469940064,0.17480031910367647,84.375,False,32,34,4131.431582794472,1.1643143267748979
Lanaken,3964571878,258898547,3872.181941411274,3953.2639497765376,81.08200836526385,2.093961740230427,4639.522308928924,4508.363969301855,2.826979393431304,76.3157894736842,False,38,38,3082.786129218849,1.2823672431594404
Lanaken,2327577430,13596135493,2438.7436745023238,2459.555653691189,20.81197918886528,0.8533893662732881,2705.3652120774004,2685.8346264189013,0.7219204849426585,47.61904761904762,False,21,23,1187.9284720520018,2.070457701415815
Lanaken,36948590,11967483793,4003.1464857683254,4003.1464857683254,0.0,0.0,4409.003510802495,4409.003510802495,0.0,100.0,False,28,28,3455.654187150373,1.1584337636137803
Lanaken,619499885,4512859291,2227.9701013849412,2312.9592174004115,84.98911601547024,3.8146434713212565,2511.901919416672,2503.0568578568573,0.35212607193950246,31.57894736842105,False,19,29,1889.4601661600145,1.2241375916916428
Lanaken,12536297231,3756218280,4123.8818111582095,4403.8812806790975,279.99946952088794,6.789706454808629,6389.08948272364,5166.815567373834,19.130643241965615,37.254901960784316,False,58,51,3576.393656177469,1.2313748720229154
Lanaken,240889590,2407298745,7247.99647121017,7247.99647121017,0.0,0.0,8091.1508683728225,8091.1508683728225,0.0,100.0,False,60,60,6057.096587232781,1.1966123318039177
