city,o,d,planned_length_m,actual_length_m,length_delta_m,length_delta_pct,planned_friction_cost,actual_friction_cost,friction_savings_pct,overlap_pct,diverges_completely,planned_n_edges,actual_n_edges
Maastricht,41991978,8119587681,9664.108661045937,9932.70610171229,268.5974406663536,2.7793296835435575,13037.033047009661,11960.411725044618,8.258177440241981,43.15068493150685,False,146,157
Maastricht,7547822475,1687024731,3069.067525237693,3111.8693910671036,42.80186582941042,1.3946211830609851,3686.197569744821,3364.7744638566746,8.719638592523872,61.53846153846154,False,39,46
Maastricht,41952278,41951723,4784.713148712618,4849.678093779564,64.9649450669458,1.357760497814281,5763.081313123481,5618.358865809756,2.5111991216255807,81.92771084337349,False,88,83
Maastricht,10612009469,41950447,9829.73632540318,10147.12414704195,317.3878216387693,3.228853868832043,12923.54553009973,12430.109832490716,3.81811397235976,61.392405063291136,False,158,177
Maastricht,8316045450,13646064236,6989.594321734116,7075.799799489036,86.20547775491923,1.2333402167113423,8084.743562745777,7891.508761855206,2.390116636240516,72.10884353741497,False,154,147
Maastricht,41968900,4439692634,5263.601779170363,5408.140460128897,144.5386809585334,2.7460033456656223,6453.064700590894,6266.548167526038,2.8903558497991986,77.04918032786885,False,122,128
Maastricht,13312038072,41971226,2270.918876674571,2270.918876674571,0.0,0.0,2509.9244112898214,2509.9244112898214,0.0,100.0,False,55,55
Maastricht,41998011,41997257,6829.13653323631,6883.188865311581,54.0523320752709,0.7914958474209277,8071.754916903756,7830.415048793708,2.989930573890907,62.06896551724138,False,152,145
Maastricht,6331028935,41984506,1687.0802333006486,1921.719892952262,234.63965965161333,13.908032055627732,2681.5412455323817,2644.0751926449375,1.3971835394986016,45.45454545454545,False,33,37
Maastricht,8316045449,41975773,1159.6746281346832,1185.0583317273909,25.38370359270766,2.188864270794379,1235.8990762147548,1206.7489667949728,2.3586156815539803,61.53846153846154,False,28,26
Maastricht,12802934953,10845532163,4166.888801394033,4259.259656723266,92.37085532923265,2.216782346059486,5197.235851338982,4954.872446782607,4.663313566844075,53.84615384615385,False,94,91
Maastricht,41960445,303941783,4838.612846529522,4918.636209850335,80.02336332081268,1.6538492716607642,6027.765884545881,5722.165637809175,5.069875847703554,73.97260273972603,False,75,73
Maastricht,360693896,4642401327,5061.815123688564,5351.887587525861,290.0724638372967,5.730601706091545,6950.237798392957,5757.946466663301,17.154684002399733,6.428571428571429,False,140,152
Maastricht,10689584458,42001733,4413.201701179403,4594.461502940083,181.2598017606797,4.107217708001858,5707.153373788895,5121.958920357795,10.253701190486803,14.130434782608695,False,96,92
Maastricht,41959839,7113186037,3741.60385845695,3784.279362718687,42.67550426173693,1.1405671438273652,4235.327189200116,4110.543685322791,2.946254168875469,74.64788732394366,False,71,75
Maastricht,41962542,11609838862,5844.554261753162,5982.250897830324,137.6966360771621,2.3559818235968937,7135.767725673138,6752.986395517884,5.364262751687932,31.506849315068493,False,150,146
Maastricht,41956843,11530643063,7183.360194076281,7379.306100445359,195.94590636907833,2.7277750394677973,8980.273603410877,8724.646720779132,2.84653779963511,73.55371900826447,False,121,142
Maastricht,503697497,9799031623,3996.4913571000425,4044.663246947128,48.17188984708537,1.205354535835657,4720.944908925929,4579.64683581431,2.9930040667169227,76.19047619047619,False,105,110
Maastricht,41962064,42046203,8815.175540648845,9116.37664096872,301.20110031987497,3.416847445986367,11417.09254273743,11117.80193622738,2.621425773590945,72.26277372262774,False,137,159
Maastricht,4456970477,10314662990,1904.4526584750733,1905.266679435219,0.8140209601456263,0.04274303992399718,2124.5966072219067,2117.069544426784,0.3542819737891306,88.37209302325581,False,43,45
Maastricht,11267663011,1313433481,5930.706772665667,6016.489349009725,85.78257634405782,1.4464140553942988,7041.445767306019,6936.837960561841,1.4856012557801672,76.22950819672131,False,122,130
Maastricht,8302396082,610303322,3329.175483950816,3386.3472433567053,57.171759405889134,1.717294858186387,3894.112916285899,3707.636219136724,4.788682330429993,50.0,False,58,62
Maastricht,13629979106,2477872443,1286.248793599605,1287.7576675920482,1.5088739924431138,0.11730809777636297,1451.8092651141137,1440.5595854442606,0.7748731145457222,90.3225806451613,False,31,32
Maastricht,1023605723,4987050654,4412.0955131066285,4456.317719528491,44.22220642186221,1.0022948571828318,5536.9398293475815,4939.93842808539,10.782154396872615,50.0,False,78,79
Maastricht,11199390527,41970721,1688.1954248804436,1826.32077962765,138.1253547472063,8.181834443544247,2068.730613318582,1939.0594136239536,6.268152985207422,2.4390243902439024,False,42,41
Maastricht,295265829,41977974,4308.57248373014,4390.477350328364,81.90486659822363,1.9009745549717343,5182.460505482905,5019.5291894182465,3.1438988467404982,53.84615384615385,False,107,104
Maastricht,2885650464,42042703,9748.002344607645,9911.923042095368,163.92069748772337,1.6815824585680397,12306.441037168423,11856.903027656861,3.6528676987428637,62.893081761006286,False,159,179
Maastricht,11603302899,11372949764,4668.953554875244,4708.807064724008,39.85350984876459,0.8535854850633546,5694.964513434316,5635.362216034079,1.046578907728686,73.4375,False,64,67
Maastricht,1546992741,423338023,3267.1063484693755,3713.6379935532605,446.531645083885,13.667496477213945,5126.984525483165,4733.565536068747,7.673496720322998,26.31578947368421,False,38,68
Maastricht,6258221220,258892323,4314.650020625994,4361.146105835418,46.496085209423654,1.0776328320292763,5275.547451173597,5077.695050013257,3.7503671986937803,48.148148148148145,False,89,81
Maastricht,8647149930,41968443,5972.731806015112,6086.430045992365,113.69823997725325,1.9036220555349272,6964.794693119552,6540.306963968034,6.094762988072925,49.32432432432432,False,151,148
Maastricht,41967829,401544881,3262.6448193921783,3267.791900812316,5.147081420137511,0.1577579450127335,3810.171159536344,3798.219348550977,0.31368173462373933,95.38461538461539,False,68,65
Maastricht,5436382574,561197216,7850.822923869489,7924.410855258275,73.58793138878536,0.9373276165107488,9557.622528459771,9319.193038409494,2.494652716617599,60.638297872340424,False,97,94
Maastricht,5373721374,8278906342,4347.137361646042,4520.298506155908,173.16114450986606,3.9833373115290436,5170.331796343391,5142.56290581698,0.5370814025136692,18.9873417721519,False,79,92
Maastricht,671767265,41978001,2932.792248791336,3022.2521475132903,89.45989872195423,3.050331940792004,3936.5777114095326,3342.474259086355,15.09187664710048,53.7037037037037,False,54,63
Maastricht,5777718487,8014763274,5677.671859640151,5999.71610491146,322.0442452713096,5.672117960190124,7073.7442157354235,6748.301365080114,4.600715557842301,42.857142857142854,False,98,104
Maastricht,13315339617,9577450326,5042.22147014733,5113.743658451638,71.52218830430775,1.41846582360092,5994.324879352562,5759.572759877594,3.9162395132030805,60.97560975609756,False,123,124
Maastricht,4743648849,10314663004,1482.5389834520392,1495.7013781878854,13.162394735846192,0.8878279008352296,1786.9367261977804,1680.8292780159425,5.937952174032035,54.83870967741935,False,31,32
Maastricht,6030119314,8645471478,3430.1680026562003,3450.152819470028,19.98481681382782,0.5826191836187699,4065.0875862700354,3850.8696041642384,5.269701514656787,73.03370786516854,False,95,89
Maastricht,4421054128,715666341,3697.408025824515,3713.268669070962,15.860643246447125,0.4289665391449523,4294.522443293177,4214.575801909349,1.861595612538527,79.16666666666667,False,72,73
Maastricht,41965078,8687461196,10129.593786218495,10300.68796629495,171.0941800764558,1.68905272696357,12868.107677487838,12130.14517379562,5.73481759857551,52.5974025974026,False,154,165
Maastricht,8018171722,31089226,4073.98703039244,4389.988847205128,316.00181681268805,7.756573952132787,6738.830589100747,5118.646762088781,24.042507161886807,4.878048780487805,False,41,101
Maastricht,41962296,41952197,1710.8594142673314,1714.9652846469057,4.105870379574299,0.23998876502267258,1900.0500906741613,1891.1734149250226,0.4671811439449556,89.74358974358974,False,39,40
Maastricht,9797091910,41998271,1103.1279392543272,1116.3223041323668,13.19436487803955,1.1960865470380926,1217.9118543470227,1207.419988375373,0.8614634904982447,56.52173913043478,False,23,24
Maastricht,41964322,5155951640,5310.442364448632,5399.268313363743,88.82594891511053,1.672665718203931,5968.782159608906,5922.3197127706135,0.7784242345567024,87.4074074074074,False,135,137
Maastricht,13100862955,1473161586,4029.2014548895104,4086.72545258064,57.52399769112981,1.4276773781396155,4829.846193544132,4438.04790612909,8.112024104178383,38.27160493827161,False,81,81
Maastricht,4756555613,60275254,5967.86401705875,6177.818630242624,209.95461318387424,3.518086413895033,7621.639836997706,6902.130239743444,9.440351586302317,70.0,False,153,150
Maastricht,1434361286,423367779,7991.891334417248,8067.750833763365,75.85949934611745,0.9492058409181181,9634.018822188704,9545.32155250504,0.920667390428796,76.99115044247787,False,117,113
Maastricht,6301952501,41962873,2026.1421901641004,2056.9003938397564,30.758203675655977,1.5180673807085978,2338.7362259345878,2309.0808181147945,1.268009940195055,36.170212765957444,False,47,52
Maastricht,475573267,5964563993,685.583921531197,700.5702541669988,14.986332635801773,2.1859224181236625,902.3779065878275,770.2378894462415,14.643534175304517,85.71428571428571,False,21,25
Maastricht,9316295072,13299266597,954.8752969210027,954.8752969210027,0.0,0.0,1233.3797119272178,1233.3797119272178,0.0,100.0,False,20,20
Maastricht,41970374,559407387,5292.170971018263,5298.289541240094,6.118570221830851,0.11561550553332899,6031.624091418015,5986.7601493705115,0.743811971162752,93.54838709677419,False,63,62
Maastricht,8571222294,41966669,6117.493048751131,6591.016603781387,473.5235550302559,7.740483744839309,10034.10768243005,7117.418232045466,29.067751141357334,13.924050632911392,False,79,159
Maastricht,4421018187,41932243,6822.972734055625,7172.820240057063,349.847506001438,5.127493830588505,8727.902974210045,8176.955685419373,6.312481823167118,56.43564356435643,False,101,128
Maastricht,520588954,8904172037,1987.803992652136,2015.780755911674,27.976763259538075,1.4074206190828384,2555.1001000866318,2204.3511722692883,13.727404566476716,21.428571428571427,False,42,47
Maastricht,11778863016,42003741,3208.825960673358,3408.307555549782,199.48159487642397,6.21665360855419,4205.454627712108,3907.9999184766516,7.073069039322406,50.0,False,62,82
Maastricht,11602305579,13247967502,1888.8316529404708,1977.7210534785074,88.88940053803663,4.706052040141139,2460.927777910654,2160.7078325101525,12.19946184911573,29.26829268292683,False,54,41
Maastricht,41963635,41942228,3463.9845022537943,3500.947424650805,36.962922397010516,1.0670637346374123,4251.177409362435,4207.551883056992,1.0261986763800168,68.88888888888889,False,48,45
Maastricht,41997160,1230472947,7865.921553260489,8028.551896233921,162.63034297343165,2.0675307002778336,9266.747476593735,8794.209706141433,5.09928398983412,7.6923076923076925,False,127,117
Maastricht,41960385,41989088,3968.4493265831725,4037.281695479436,68.83236889626369,1.7344903067095034,4860.261136722548,4561.537212399676,6.146252555563564,60.49382716049383,False,81,82
Maastricht,10187444815,4743648845,3200.092191359789,3275.9516907059024,75.85949934611335,2.3705410597523753,3724.0839883894605,3635.3867187057954,2.3817204434753814,53.57142857142857,False,60,56
Maastricht,41987918,3804363385,2358.628037833494,2398.2011852939627,39.57314746046859,1.6778036564348784,2772.0271949551143,2700.867574228922,2.5670607004035744,73.58490566037736,False,54,53
Maastricht,4641937848,703434912,7046.8425697289085,7197.029592199923,150.18702247101464,2.1312668898858673,8895.960861443064,8102.450515777653,8.919894748015908,63.2183908045977,False,174,177
Maastricht,259070786,2312109788,5844.072498768736,5904.363569443779,60.29107067504265,1.0316619221911625,6525.840841432515,6395.012426339785,2.004774837015662,80.35714285714286,False,112,114
Maastricht,41986675,12379344092,2221.1926208744953,2544.6419158297767,323.4492949552814,14.56196513150389,2959.6834835516647,2723.113160085424,7.993095369182944,11.764705882352942,False,51,54
Maastricht,2154319089,41963257,2331.2071409085056,2374.1634835077784,42.95634259927283,1.8426651945880757,2874.4905974687326,2868.6335986376826,0.20375780098942514,97.61904761904762,False,42,44
Maastricht,2994532008,293922990,1058.2437352346603,1069.4284758911285,11.184740656468193,1.0569153668543128,1306.4317227836848,1243.8253000981401,4.792169509796177,38.70967741935484,False,31,31
Maastricht,41938392,13315321496,7369.164497503398,7398.102871300907,28.938373797509485,0.3926954515306793,8571.88125374146,8521.245437694944,0.5907199895520441,95.8041958041958,False,143,146
Maastricht,41959615,303941841,7164.523391796822,7426.570645992691,262.04725419586975,3.657567152281288,9538.865977323494,8481.392256837486,11.085947983753142,38.028169014084504,False,144,142
Maastricht,2862739453,4760150317,4027.675538484912,4028.489559445057,0.8140209601447168,0.020210688581208964,4478.59101421097,4471.136772228421,0.16644167683308064,94.56521739130434,False,92,94
Maastricht,11251769844,11764433031,4139.771880296248,4196.215958803662,56.444078507413906,1.3634586672774511,4960.032255510321,4942.515205935232,0.35316402540786973,93.33333333333333,False,75,80
Maastricht,41975371,11603177151,1330.9884160985634,1330.9884160985634,0.0,0.0,1553.6434983872978,1553.6434983872978,0.0,100.0,False,27,27
Maastricht,702280486,11253803495,1414.6100855770774,1440.4915632703342,25.881477693256784,1.8295838519134175,1561.8143770003535,1520.1134053594155,2.6700337924298996,40.74074074074074,False,29,27
Maastricht,610303145,42015685,5402.165956602427,5499.679781048981,97.51382444655337,1.8050875376639213,6677.379316352252,6317.716451376391,5.386287762552023,69.73684210526316,False,76,90
Maastricht,269965836,41960372,4635.506714226538,4898.297629406999,262.7909151804606,5.669087143676133,6956.75698985862,5539.519653345486,20.372097783193308,60.0,False,60,113
Maastricht,11663659256,2125205072,1543.9492471451956,1544.9596452221383,1.0103980769426926,0.06544244111721588,1778.6011312533783,1726.860967892544,2.9090369083692753,84.84848484848484,False,33,33
Maastricht,41961583,2420265658,2834.6872581097937,3036.335779180282,201.6485210704882,7.113607347462734,4759.146698837575,4086.9442944989974,14.124431266276446,30.555555555555557,False,36,53
Maastricht,2805942362,41962770,7675.715547776614,8029.460939004214,353.7453912276005,4.608630804851388,12193.583045009615,8850.717777965998,27.414954691367182,26.89075630252101,False,119,201
Maastricht,12535880297,8537070816,10021.57377131433,10299.177445456678,277.6036741423486,2.770060675868685,13011.860919514023,12411.136419002854,4.616745477276477,60.95238095238095,False,128,105
Maastricht,8904125464,42001682,7236.682182780963,7302.634297825197,65.95211504423423,0.9113584565197762,8013.224794031072,7833.463307372394,2.243310168867082,66.2251655629139,False,151,161
Maastricht,4743648896,2502864753,5669.396133040977,5910.400718827831,241.00458578685448,4.250974532936427,7719.021686036933,6594.423719831979,14.56917744173796,25.0,False,120,136
Maastricht,41986193,5331434977,588.0066757637662,588.0066757637662,0.0,0.0,620.3069162241596,620.3069162241596,0.0,100.0,False,13,13
Maastricht,6343654937,41947392,3674.1199488979146,3947.836076009032,273.7161271111172,7.449841891885452,4808.961846321249,4361.714243582319,9.300294263741455,18.9873417721519,False,79,83
Maastricht,4736654698,11431774241,6250.280535443812,6372.639427562277,122.35889211846461,1.9576544032639376,7324.679186346218,6935.7677222646635,5.309604068482835,56.25,False,154,144
Maastricht,41960892,4642401200,588.9953223470902,588.9953223470902,0.0,0.0,778.8197107641128,778.8197107641128,0.0,100.0,False,18,18
Maastricht,9762629876,5964563988,4456.290105756917,4532.761456900038,76.47135114312096,1.7160317063812887,5331.767573014332,5064.805857117698,5.0070021290464135,63.888888888888886,False,108,110
Maastricht,6786535615,41994075,5372.818184668416,5553.8274761034445,181.0092914350289,3.3689822587249885,6729.605357607254,6455.960619103391,4.066282106639885,23.46938775510204,False,116,98
Maastricht,840167291,5331434972,6347.727324086338,6489.517865147831,141.79054106149306,2.233721359193729,8127.1932202867265,7082.869254929152,12.849749440566777,41.44736842105263,False,159,152
Maastricht,41950002,13830828644,5466.716955330505,5662.096526507738,195.37957117723363,3.5739836683280677,6807.9369939404405,6514.786298927922,4.306013631933492,60.55045871559633,False,126,109
Maastricht,41958377,11348175915,4244.329059795914,4381.400090119837,137.07103032392297,3.2295099741987006,5338.122459267199,5000.57894079873,6.323262927070529,52.27272727272727,False,88,111
Maastricht,693093361,4641937499,7779.259806680637,8207.469346005693,428.20953932505654,5.504502355832373,9961.608949430009,9253.084438795784,7.112550936611154,58.72093023255814,False,172,180
Maastricht,496143655,3798511349,1658.1768637747282,1671.1281180446717,12.951254269943547,0.7810538521482495,1919.1652453482714,1919.0531137804514,0.005842726054554346,83.78378378378379,False,37,37
Maastricht,8976672776,41968730,3830.102149195242,3925.1349743850064,95.03282518976448,2.481208633292775,4481.846458509152,4353.614534921686,2.8611404869528214,66.27906976744185,False,86,87
Maastricht,298356550,961560099,5601.696491974744,5703.450187414567,101.75369543982288,1.8164799821911102,7183.268815540992,6231.397081007413,13.251233651094969,45.669291338582674,False,130,127
Maastricht,10702162897,41965725,2557.577882804781,2578.3046917235497,20.72680891876871,0.8104077321797352,3031.1776503789474,3001.156814017731,0.9904017455876702,84.90566037735849,False,53,63
Maastricht,8278906343,5256134592,4946.506901870887,4953.862332675077,7.355430804189382,0.14869949542387947,6578.364501681423,6549.357256254238,0.44094919671554655,82.75862068965517,False,30,29
Maastricht,688818431,41975787,1958.8035676649945,2172.7172751899425,213.913707524948,10.9206308920473,2630.1184734136577,2381.0952629540307,9.468136624903337,57.142857142857146,False,28,39
Maastricht,6418429256,41967444,9386.673157950965,9465.908122329436,79.23496437847098,0.844121906080805,11312.982769440267,11229.838674959708,0.7349440565325979,61.0,False,100,107
Maastricht,10559361340,2122655631,7474.621789647424,7564.270709520213,89.64891987278952,1.1993773383551791,8545.202411270766,8300.325092553447,2.86567019634709,66.66666666666667,False,159,160
Maastricht,8839131354,308918653,3133.716055925623,3133.716055925623,0.0,0.0,3824.8280517052917,3824.8280517052917,0.0,100.0,False,76,76
Maastricht,10081504443,4915407892,8380.954795193617,8627.39223696461,246.43744177099325,2.9404459013705972,10584.460476881124,9660.376384420017,8.730573414483601,47.89473684210526,False,197,190
Maastricht,6266729157,6198680589,2618.0897553608497,2830.368232319791,212.27847695894116,8.108143600664407,3165.2325959574805,3125.413154462176,1.2580257623455693,53.125,False,40,32
Maastricht,5356653358,1687024674,4684.554864988972,4752.42388351585,67.86901852687788,1.4487826588201917,6244.582333173572,5211.7622356362535,16.539458404617218,45.3125,False,64,73
Maastricht,838644121,41984957,3401.163344109273,3474.4778506357534,73.31450652648027,2.155571465082943,3868.3467689323584,3722.9602015452233,3.7583643884971805,58.58585858585859,False,99,100
Maastricht,41943009,11630394164,2282.4011654582296,2466.5689068273987,184.1677413691691,8.069034670870158,3050.958239230501,2770.8518634173015,9.18093116488696,30.555555555555557,False,36,48
Maastricht,7964516292,10681993320,5038.341527436697,5233.1488943622135,194.80736692551636,3.866497851816457,6506.4757302336675,6189.694163185402,4.868712036783213,58.888888888888886,False,90,113
Maastricht,13245593411,11333582950,3960.8513893029576,4084.9950249399203,124.1436356369627,3.13426643504567,5128.150179575996,4768.037147533701,7.022279368426572,40.449438202247194,False,89,93
Maastricht,10689600702,10878533218,471.0553593329327,471.0553593329327,0.0,0.0,532.8124861418445,532.8124861418445,0.0,100.0,False,20,20
Maastricht,1016048504,10811630758,2252.529280976813,2330.2487616202493,77.71948064343633,3.450320548540579,3232.3539283014065,2577.243636567902,20.267282180876876,22.0,False,50,52
Maastricht,5270238343,10187444665,6149.72588808548,6504.7631133174755,355.03722523199576,5.773220330354029,7390.331578972523,7212.936388713666,2.4003684863557933,34.48275862068966,False,116,122
Maastricht,11289423814,41968505,3370.8239900614294,3389.284848507898,18.460858446468592,0.5476660454802377,3798.150805263183,3772.3800854439146,0.6785070193515569,87.09677419354838,False,67,62
Maastricht,1502770328,41959907,3040.06963453484,3194.867091740693,154.79745720585288,5.091904982944194,4197.040412545912,3755.8396748781897,10.512187024667961,40.298507462686565,False,67,81
Maastricht,9316295081,41965076,431.2776717604807,435.6741666754134,4.396494914932703,1.0194116697454234,564.1885939616759,538.0892393102613,4.6259982797857635,81.81818181818181,False,11,12
Maastricht,41965367,41995856,6021.973636712955,6180.346821658848,158.37318494589272,2.629921592156611,7666.463140160603,7105.8107113126725,7.313051906699514,30.128205128205128,False,156,158
Maastricht,8888899121,293936308,1137.2559683902,1141.3618387697745,4.105870379574526,0.3610330913792817,1308.1289865407743,1299.2523107916356,0.6785780179531269,80.0,False,20,21
Maastricht,41987312,8316178385,2110.987540967539,2210.602011145979,99.61447017843966,4.718856376233413,2999.8399572404746,2761.114611114945,7.9579360742007985,56.0,False,50,50
Maastricht,41990153,4642401553,2794.583089057946,2858.588571455906,64.0054823979599,2.2903410046589863,3341.6140280672716,3229.419269640738,3.3575020180120845,57.534246575342465,False,74,73
Maastricht,2502864750,41970749,2883.3993855023896,2917.6015544947095,34.20216899231991,1.18617521957891,3298.5127439356647,3221.838485673273,2.3245099902481074,62.5,False,48,49
Maastricht,1606808242,203986368,2513.1370551919144,2544.9626963286637,31.825641136749255,1.2663710907051549,2946.98759583168,2855.4411229978336,3.1064424215199624,63.63636363636363,False,22,31
Maastricht,4641937667,11603177151,2745.467023744739,2809.472506142699,64.0054823979599,2.3313149218109435,3205.660881341969,3090.1052446914764,3.604736774343955,57.534246575342465,False,74,73
Maastricht,41957205,41970431,7283.730409602716,7395.784096644977,112.05368704226112,1.538410687118951,8487.659461313324,8212.612119454536,3.2405558106148273,61.64383561643836,False,146,146
Maastricht,10187444629,294712393,3492.4179932820343,3516.37372469244,23.95573141040586,0.6859354022481492,3947.6970145109585,3932.305039289701,0.3898975824304512,90.1639344262295,False,62,61
Maastricht,7292232751,422988784,4237.190269494984,4385.144744744952,147.9544752499678,3.491806264050587,5012.056383931756,4927.738945544042,1.6822922953945376,10.9375,False,64,93
Maastricht,12666796472,41962929,8728.574265727351,8863.034642572838,134.4603768454872,1.5404620818023438,10060.141070477572,9610.976677236014,4.464792194213581,60.989010989010985,False,182,191
Maastricht,41977519,7168212823,1978.52513934264,1997.92133517499,19.39619583235003,0.9803360819966316,2277.2624314213617,2271.1499540963255,0.26841339147816734,71.73913043478261,False,47,46
Maastricht,41973674,4376400077,1472.2164810774752,1523.9598150768666,51.743333999391325,3.514655260585168,1695.8868271430074,1622.3821940555872,4.3342888163858495,52.17391304347826,False,24,23
Maastricht,41962640,10311179650,5437.747755343506,5776.84012314886,339.0923678053541,6.235897343199464,7015.219764757402,6276.262839354827,10.53362474993155,36.170212765957444,False,142,141
Maastricht,41988391,5436378051,2160.815152742323,2256.5607001864405,95.74554744411762,4.430992041249133,2758.673702935258,2708.2630309985643,1.8273517409128959,43.24324324324324,False,42,37
Maastricht,5043492745,7331573363,5433.24667635759,5574.871501597528,141.6248252399373,2.6066334491347183,7037.05310268437,6400.245186184351,9.04935499573111,57.03125,False,128,133
Maastricht,41989426,688663609,2048.783087247077,2123.810886547013,75.02779929993585,3.662066509966641,2461.2835934451873,2245.032299870009,8.786118517634131,39.473684210526315,False,42,38
Maastricht,5292341004,41972825,2419.1412620001456,2435.65969420488,16.51843220473438,0.6828221428903637,2970.55704020338,2928.009043302064,1.4323238478666882,94.11764705882354,False,36,34
Maastricht,41941710,41963347,7267.616341216495,7487.579590831641,219.9632496151462,3.0266216499029928,9482.36606672505,8435.488392264826,11.040257959813047,57.5,False,160,164
Maastricht,41978285,4743648845,2381.619886233069,2459.815970612049,78.19608437898023,3.2833150592582787,2711.439335842445,2685.7300986080913,0.9481767448935292,71.1864406779661,False,59,64
Maastricht,41970856,3115422651,6821.880064716173,6927.3001553028935,105.42009058672011,1.5453231306714001,7768.865057043532,7510.36535600985,3.3273805006989643,60.60606060606061,False,132,132
Maastricht,41967926,41968276,4311.514478581686,4681.209877193094,369.69539861140856,8.57460645088738,7978.358331050748,5367.828415543235,32.72013874518102,4.545454545454546,False,44,103
Maastricht,41974529,11483101368,2354.3602987330282,2379.5634128132456,25.203114080217347,1.0704867090130645,2775.1261027764926,2688.0802673834214,3.136644324233862,74.4186046511628,False,43,45
Maastricht,258811582,4641937843,6058.058723549738,6144.4134094260635,86.35468587632568,1.4254514493336883,6914.628228397128,6782.915187723554,1.9048463102130713,65.38461538461539,False,130,138
Maastricht,5335188326,929429473,3439.9653369666707,3534.849772675988,94.88443570931713,2.758296273792844,4081.5022280204917,3868.172670727342,5.226741169675007,75.51020408163265,False,98,101
Maastricht,11630426338,8301439012,7211.5495243611,7304.971891287682,93.42236692658207,1.2954548340962648,8986.4725597078,8628.618470774705,3.982141897785199,81.41592920353982,False,113,127
Maastricht,11602305590,702280492,7261.955906358181,7713.012164080029,451.05625772184794,6.211222755111018,9591.551390540875,8545.966246657696,10.901105580420795,34.48275862068966,False,145,158
Maastricht,11407067479,6753392708,5285.852918884032,5413.405460551046,127.55254166701434,2.4130929033482014,6674.202442323596,6261.660549056542,6.181141444721143,60.714285714285715,False,84,102
Maastricht,11297540173,41963374,1946.1149816111454,2014.5087939902342,68.39381237908879,3.514376746766888,2751.67046909256,2195.575036904987,20.20937602935285,54.76190476190476,False,42,51
Maastricht,7113186033,41970039,5615.878109150074,5724.0004626354375,108.12235348536342,1.925297369064996,7212.699476643187,6222.410117541956,13.729802029158083,40.49586776859504,False,122,121
Maastricht,11081480890,7113186033,4925.765589792624,5067.386882972902,141.62129318027746,2.8751123170325235,6345.839170800716,5575.535606173419,12.138718676825526,42.0,False,100,114
Maastricht,11333582950,3876524162,5097.669532670674,5203.685916457743,106.01638378706866,2.079702952645629,6121.33011124364,5827.267811463744,4.803895467747503,37.096774193548384,False,129,124
Maastricht,41958240,10081430395,7897.6398023665615,8332.4877952488,434.84799288223894,5.506049956240532,10914.106809528846,9481.731291567554,13.124074584928193,35.13513513513514,False,111,146
Maastricht,6079172369,6815925080,3047.3517977402626,3129.848369820221,82.49657207995824,2.707156165597056,3566.2482301263067,3516.9479580130755,1.3824128028094402,61.111111111111114,False,54,59
Maastricht,41960157,432432704,2019.9699998896403,2116.2492936825456,96.27929379290526,4.766372460886321,3384.453747688318,2455.301797316712,27.453527796213617,0.0,True,38,48
Maastricht,10311179636,41954809,3514.004760394743,3708.6190518266926,194.61429143194982,5.538247802774404,4564.158243674399,3961.1487324754276,13.211844966915868,27.5,False,80,83
Maastricht,11610120577,13830433354,2776.8255396119494,2958.5559986631547,181.73045905120534,6.544540031729953,3556.3673414715513,3281.572758383215,7.726833499000473,10.526315789473685,False,57,59
Maastricht,41983613,3915145989,3625.839588444506,3749.460881870128,123.6212934256223,3.409452911805625,4514.436730031328,4346.95913438087,3.7098226349335937,63.768115942028984,False,69,76
Maastricht,2937517909,2621153521,7306.739455462703,7630.90893053806,324.1694750753577,4.436581830394958,11109.220779009394,8822.74957804177,20.581742378258035,51.724137931034484,False,87,164
Maastricht,10679589104,649643858,5106.250499887116,5715.830317184025,609.5798172969089,11.937914469930233,8269.839087804008,6406.266400121799,22.534570115524055,4.166666666666667,False,48,114
Maastricht,9802574932,13811206641,5414.547832569952,5513.216630417435,98.66879784748289,1.822290630696135,6415.850239689838,6181.360238176952,3.6548546607631223,67.0,False,105,100
Maastricht,10779807508,1274267740,1197.4783543808294,1200.6603909770377,3.1820365962082633,0.26572810978730166,1326.9946673024438,1291.7535208594104,2.6557112331636317,85.0,False,20,21
Maastricht,41972588,9511162970,1383.5906715009164,1487.4875198982681,103.89684839735173,7.50921862494524,1633.5261420405316,1587.7856741068838,2.800106270506986,42.42424242424242,False,42,33
Maastricht,4642401791,41997311,3038.7156341943137,3355.3146127977893,316.59897860347564,10.418841929163234,3767.7515028373186,3530.491313573548,6.297129444049088,32.098765432098766,False,81,83
Maastricht,41952521,1636798812,2405.986282196983,2492.528533257837,86.54225106085369,3.5969552985908626,3125.863491446255,2941.592989811008,5.895027154560414,58.62068965517241,False,32,29
Maastricht,41961455,4584112013,3698.7701912336447,3725.3244986841923,26.55430745054764,0.7179226088034149,4328.097701157563,4296.968792190314,0.7192284258953672,90.78947368421052,False,76,79
Maastricht,8087942031,41973805,6948.716438269819,7115.056528610546,166.34009034072642,2.393824698682681,8776.601174279787,8106.440161802608,7.635769236513967,48.0,False,125,137
Maastricht,8022847912,41985788,1767.9980753275634,1772.4023682106872,4.404292883123844,0.2491118595990465,1900.34006443698,1893.2982169962443,0.3705572267046819,63.63636363636363,False,46,33
Maastricht,41966411,13651733173,3989.593188070645,4095.052084296898,105.45889622625327,2.6433496162362577,4734.656050794826,4486.308401358035,5.245315536597433,78.57142857142857,False,112,115
Maastricht,4641937368,688818431,5499.0134397578895,5580.4855788228215,81.47213906493198,1.4815773766961193,6111.281242849134,5989.828803247559,1.9873482298607605,59.45945945945946,False,111,120
Maastricht,41955759,13643680988,3123.8644583122014,3138.332994068143,14.468535755941502,0.46316144471129633,3781.538504853292,3698.491028303613,2.1961293384450444,47.61904761904762,False,42,42
Maastricht,247061888,6947456099,5645.441642484704,5800.801729637771,155.36008715306707,2.751956303717792,6994.8498057036895,6545.726455232019,6.420771895708886,38.38383838383838,False,99,109
Maastricht,779700652,502954485,7061.229232218805,7120.7377478792505,59.50851566044548,0.8427500893034526,8482.985187388229,7844.6116301121,7.525340940418093,61.48148148148148,False,135,137
Maastricht,4736733062,294769554,3528.2708938957444,3609.7890772564206,81.51818336067618,2.3104287004070647,4709.884774205747,4218.402201782333,10.435129434908427,15.384615384615385,False,65,82
Maastricht,10695896005,2985750522,7198.049525942125,7507.611957462434,309.56243152030856,4.300643256268664,8906.929607809274,8200.562242968359,7.930537187827302,44.44444444444444,False,164,162
Maastricht,13813046443,41969220,6439.522631711416,6546.992232714548,107.46960100313208,1.6689063328063831,7617.16076155888,7249.286292198161,4.829548448251889,51.61290322580645,False,125,124
Maastricht,567066741,8836210999,331.11364335264284,334.4008753983483,3.2872320457054798,0.9927806092256096,383.62993574077456,378.7363830929252,1.2755919681815424,81.81818181818181,False,11,11
Maastricht,4439689539,41968244,2797.830075654792,2819.372819912974,21.54274425818221,0.7699804375410626,3142.2337256218066,3121.1956585655475,0.6695258498664312,91.66666666666667,False,48,49
Maastricht,5373720977,10748352991,6359.755781025446,6389.063817418667,29.3080363932213,0.46083587801693354,7628.510019217219,7617.373639461917,0.14598368131192307,85.3932584269663,False,90,89
Maastricht,8422282262,41944658,1283.3659127941442,1283.3659127941442,0.0,0.0,1481.8359256185806,1481.8359256185806,0.0,100.0,False,27,27
Maastricht,12598537576,11630442984,2680.9244178319295,2724.7561329961068,43.83171516417724,1.634947813994102,3309.7412106250076,2946.1447238586393,10.985647022768502,35.714285714285715,False,56,56
Maastricht,41967890,293905548,1512.9515440249822,1536.528571844055,23.577027819072782,1.5583465255172424,2098.0315068656228,1664.4834648999235,20.664515310992783,72.97297297297297,False,37,42
Maastricht,41983613,10801377888,1979.0357422225065,2003.104238394693,24.068496172186542,1.2161728895889985,2772.2748492439396,2363.389607796724,14.749087434773209,4.25531914893617,False,47,49
Maastricht,10079786004,9057063494,3809.247360158027,3866.873733535763,57.6263733777364,1.512802082124322,4285.713062363326,4098.082615645015,4.378045006467217,53.57142857142857,False,84,84
Maastricht,13629982255,502343061,1584.1277818285491,1584.1277818285491,0.0,0.0,1785.8109690982326,1785.8109690982326,0.0,100.0,False,39,39
Maastricht,554922157,295858115,4758.232921208689,4765.0461473024525,6.81322609376366,0.14318815843157506,5329.3455547049225,5255.294935711465,1.3894880381341252,88.0,False,50,51
Maastricht,11540051351,13299785472,2918.5991414358964,3311.1448781792055,392.54573674330913,13.449799637444693,4266.246770770009,4020.56402994832,5.758755975040472,45.16129032258065,False,62,72
Maastricht,4641937497,11257409737,3590.844786232201,3970.8213977953787,379.9766115631778,10.581816652729215,4980.216351503739,4428.81187371034,11.071898063763978,51.64835164835165,False,91,103
Maastricht,41995223,840177562,6472.29638427738,6754.781205839213,282.4848215618331,4.364522339367065,8519.7924111822,7361.463495123631,13.595741071557864,29.375,False,160,161
Maastricht,41986729,11630404811,5305.702089124169,5419.823606488354,114.12151736418491,2.150922073029987,6583.174875819358,6242.115045312399,5.180780352041152,27.966101694915253,False,127,118
Maastricht,4653113214,5727744558,2730.9737659400857,2799.4360420990242,68.4622761589385,2.5068815018576958,3003.586163284488,2923.648166100038,2.6614184790702358,59.15492957746479,False,71,76
Maastricht,41948356,10187444625,5583.718455016787,5630.7483871005015,47.02993208371481,0.8422690445908849,6553.203048189611,6427.222599504274,1.9224255338790492,86.36363636363636,False,110,114
Maastricht,840177527,41941331,3354.723318394385,3552.4401836877896,197.71686529340468,5.893686200864834,4237.558979430871,4003.2107977717405,5.53026359743091,30.90909090909091,False,55,57
Maastricht,13312038038,610323280,4259.651587553449,4266.023175308648,6.371587755199471,0.14958002137585677,4792.720366691215,4763.633197558292,0.6069031136278066,78.35051546391753,False,97,99
Maastricht,41969157,41967726,2784.0731180197563,2873.5235205284835,89.45040250872717,3.21293294812426,3545.209539358543,3263.3067016726236,7.951655171753996,44.11764705882353,False,72,68
Maastricht,13651644292,8888483904,6176.011434584957,6275.154928986692,99.14349440173464,1.6052997221886998,7284.394518287791,6872.460183623274,5.655025048826465,62.06896551724138,False,145,148
Maastricht,10915523316,3378063837,1346.0384815966572,1346.0384815966572,0.0,0.0,1574.1345680627753,1574.1345680627753,0.0,100.0,False,28,28
Maastricht,5373721321,41979204,2235.1032422821045,2236.153348918557,1.0501066364527105,0.046982466697176886,2697.0520181865827,2661.745558281239,1.3090759713667919,86.36363636363636,False,44,46
Maastricht,10079786001,4641937674,614.0440658550967,614.4651774876185,0.421111632521729,0.06858003455098997,692.0445042263815,678.3403963972132,1.9802350492599794,83.87096774193549,False,31,33
Maastricht,11482787881,4930842591,5826.342219263797,6382.965722936652,556.6235036728549,9.553566933169066,7578.445460478375,7028.368154179281,7.258445141127548,31.25,False,80,111
Maastricht,13629982250,41959191,4312.662237203377,5057.205296025357,744.5430588219797,17.26411710147725,7232.594517877747,5669.179921507979,21.616234568456345,15.0,False,40,116
Maastricht,41963818,8301447182,9328.211535743805,9481.41944874437,153.20791300056408,1.6424146516564573,11556.063861138739,10924.390854974303,5.466160569505458,53.90070921985816,False,141,164
Maastricht,41965319,353915972,3591.0375480458943,3707.100539243199,116.06299119730465,3.2320183134944305,4353.9102761537515,4197.530209026648,3.5917154283953243,60.563380281690144,False,71,84
Maastricht,840177542,11599876214,1850.655502312279,1875.5039035403017,24.848401228022794,1.3426810768928232,2390.5155060116763,2170.5762217006577,9.20049603350886,39.473684210526315,False,38,48
Maastricht,4756177580,12206766641,2316.944223389065,2322.0333913277377,5.089167938672745,0.21964999792824808,2777.9376923214763,2767.414707602011,0.3788056423494376,95.1219512195122,False,41,42
Maastricht,353023093,6947434577,5365.017304769606,5411.3023073836675,46.28500261406134,0.8627186080632594,6530.875245275141,6283.083732924368,3.794154734926871,81.35593220338983,False,118,119
Maastricht,8439406266,41960948,4514.61906739538,4664.529730588771,149.91066319339097,3.320560626610718,5821.731558639345,5364.188044471639,7.859234139518506,60.0,False,105,107
