osmid,y,x,street_count,elevation,highway
249893147,41.316491,-8.7100013,4,40.0,
269535105,41.3191709,-8.7115841,3,52.0,
269535108,41.3189252,-8.7114252,3,52.0,
269535343,41.3185618,-8.7110404,3,41.0,
319991651,41.3148864,-8.7089464,3,40.0,
914326556,41.3050191,-8.7022692,3,58.0,
914326592,41.3046598,-8.7023203,3,58.0,
914326685,41.3049257,-8.7025061,3,58.0,
914326803,41.3047531,-8.7020834,3,50.0,
914327211,41.3053363,-8.7026168,3,58.0,
1428182433,41.30692,-8.7371424,3,9.0,
1428182437,41.3070694,-8.7362961,3,9.0,
1428182439,41.3078294,-8.7385158,3,3.0,
1428182441,41.3080627,-8.7372205,3,9.0,
1428182442,41.3082461,-8.7362338,3,9.0,
1428182450,41.3091668,-8.7376137,3,9.0,
1428182464,41.3102261,-8.7361403,4,9.0,
1428182479,41.3113262,-8.7390788,4,9.0,
1428182483,41.3117194,-8.7380908,3,9.0,
1428182493,41.3126133,-8.7360387,4,9.0,
1428182504,41.3134944,-8.7198205,5,29.0,
1428182506,41.3138518,-8.7325198,3,18.0,
1428182509,41.3138556,-8.7203062,3,29.0,
1428182510,41.3139116,-8.7359812,4,9.0,
1428182526,41.3143255,-8.7206037,3,29.0,
1428182531,41.3145278,-8.7359129,4,9.0,
1428182555,41.3150874,-8.7358516,4,6.0,
1428182561,41.3152754,-8.7213359,3,28.0,
1428182563,41.3154308,-8.7358105,1,6.0,
1428182575,41.3163785,-8.727904,3,21.0,
1428182577,41.3163796,-8.7275099,3,21.0,
1428182581,41.3164289,-8.7287569,3,21.0,
1428182582,41.316443,-8.728168,3,21.0,
1428182584,41.3165549,-8.7254352,3,25.0,
1428182589,41.3167548,-8.7251034,3,22.0,
1428182605,41.318212,-8.7232573,3,20.0,
1460394511,41.3081767,-8.718469,3,34.0,
1460394512,41.3083327,-8.7184996,3,34.0,
1460394571,41.3102349,-8.7353171,3,17.0,
1460394572,41.3102362,-8.7313387,3,20.0,
1460394577,41.3102362,-8.7380114,3,9.0,
1460394582,41.3102376,-8.7321273,3,20.0,
1460394583,41.3102389,-8.733914,3,17.0,
1460394587,41.3102389,-8.7346351,3,17.0,
1460394593,41.3102402,-8.7328644,3,20.0,
1460394599,41.3102456,-8.7373294,3,9.0,
1460394603,41.3102656,-8.7308219,3,26.0,
1460394606,41.3103277,-8.7302835,3,26.0,
1460394612,41.310349,-8.7301481,3,26.0,
1460394624,41.3106203,-8.7284592,3,24.0,
1460394627,41.3106991,-8.7279482,3,24.0,
1460394637,41.3108299,-8.7271579,3,24.0,
1460394640,41.3109433,-8.7267743,3,26.0,
1460394651,41.312137,-8.719088,3,31.0,
1460394654,41.3124497,-8.7192046,3,31.0,
1460394655,41.3126255,-8.7227834,3,30.0,
1460394662,41.3129361,-8.7195599,3,29.0,
1460394768,41.3148957,-8.712577,3,35.0,
1460394769,41.3149271,-8.7125206,3,35.0,
1460474682,41.3055573,-8.7340008,3,17.0,
1460474702,41.3056791,-8.7355048,3,9.0,
1460474980,41.3062006,-8.7302639,3,35.0,
1460474997,41.3061965,-8.7322163,3,26.0,
1460475629,41.3071717,-8.7302684,3,30.0,
1460475649,41.3072679,-8.7339567,3,15.0,crossing
1460475668,41.3073554,-8.7326991,3,23.0,
1460475704,41.3078223,-8.7191635,3,42.0,
1460475707,41.3078543,-8.7295332,3,30.0,
1460475753,41.3082846,-8.7313475,3,23.0,
1460475754,41.3083012,-8.7321823,3,23.0,
1460475755,41.3083154,-8.7327311,3,23.0,
1460475769,41.3087378,-8.7150649,1,30.0,
1460475783,41.3090073,-8.7302827,4,26.0,
1460475806,41.3092723,-8.7268924,3,28.0,
1460475837,41.3094106,-8.7260131,3,28.0,
1460475849,41.3095407,-8.727615,3,28.0,
1460475887,41.3099979,-8.7275578,3,28.0,
1460475895,41.3100115,-8.7141214,3,32.0,
1460475936,41.3105304,-8.7289622,3,24.0,
1460476023,41.3107297,-8.7144753,3,28.0,
1460476116,41.3112235,-8.7148669,3,32.0,
1460476137,41.3110523,-8.7303962,3,21.0,
1460476143,41.3112585,-8.7311378,3,21.0,
1460476146,41.3113343,-8.7291902,3,21.0,
1460476147,41.3112958,-8.7151901,3,32.0,
1460476175,41.3113512,-8.7317699,1,18.0,
1460476177,41.3113908,-8.7305505,3,21.0,
1460476179,41.3114324,-8.7118099,3,35.0,
1460476251,41.3114838,-8.7137163,3,28.0,
1460476260,41.3115388,-8.7318177,3,18.0,
1460476277,41.3115857,-8.7312386,3,21.0,
1460476280,41.3116029,-8.7383867,3,9.0,
1460476284,41.3116645,-8.7131986,3,28.0,
1460476319,41.3117973,-8.7313037,1,18.0,
1460476322,41.3118343,-8.7378405,3,9.0,
1460476325,41.3118265,-8.7318874,1,18.0,
1460476378,41.3121487,-8.715681,1,32.0,
1460476441,41.3121885,-8.7370135,3,9.0,
1460476446,41.3122043,-8.717396,3,30.0,
1460476472,41.3122663,-8.7125369,3,28.0,
1460476690,41.3124086,-8.7122065,4,35.0,
1460476695,41.3125358,-8.7187863,3,29.0,
1460476698,41.312929,-8.7370741,3,9.0,
1460476703,41.3130319,-8.7188335,3,29.0,
1460476705,41.3129836,-8.7174277,1,21.0,
1460476706,41.313082,-8.7181119,1,21.0,
1460476708,41.3130851,-8.7371039,3,9.0,
1460476709,41.3130966,-8.7377995,3,8.0,
1460476768,41.3132822,-8.7371371,3,9.0,
1460476780,41.3135994,-8.7390097,3,8.0,
1460476782,41.3137303,-8.7137237,1,33.0,
1460476783,41.3137486,-8.7375376,3,8.0,
1460476784,41.313778,-8.7372343,3,9.0,
1460476864,41.3140345,-8.7268837,3,23.0,
1460476866,41.3140735,-8.7316411,3,18.0,
1460476887,41.314108,-8.7342129,3,14.0,
1460476982,41.3142268,-8.7390065,3,8.0,
1460476983,41.3142422,-8.7387075,3,8.0,
1460476985,41.3143001,-8.7328297,3,18.0,
1460476987,41.3143401,-8.7376341,3,8.0,
1460476988,41.3144106,-8.7369339,3,9.0,
1460476990,41.3144927,-8.715787,3,28.0,
1460476993,41.3146588,-8.7345635,3,8.0,
1460477053,41.3146793,-8.7343126,3,8.0,
1460477058,41.3147266,-8.7170558,1,20.0,
1460477061,41.3147707,-8.715833,3,32.0,
1460477066,41.3148245,-8.7330855,3,15.0,
1460477070,41.3148265,-8.7387061,3,4.0,
1460477093,41.3149844,-8.7370374,4,6.0,
1460477113,41.3150725,-8.7172052,1,20.0,
1460477115,41.315147,-8.7387008,1,4.0,
1460477116,41.3152174,-8.7346715,3,8.0,
1460477119,41.315234,-8.7162154,3,32.0,
1460477122,41.3153641,-8.7332325,3,15.0,
1460477127,41.3158941,-8.7174545,3,20.0,
1460477136,41.3164885,-8.7132778,3,35.0,
1460477201,41.3166556,-8.7292534,3,18.0,
1460477207,41.3166582,-8.7293779,1,18.0,
1460477235,41.3168119,-8.729246,1,16.0,
1460477237,41.3168744,-8.7277752,1,16.0,
1460477241,41.3170691,-8.7165977,4,35.0,
1460477442,41.3179769,-8.7177346,3,34.0,
1486919210,41.3138087,-8.715068,1,28.0,
1486919212,41.3145082,-8.7152734,3,28.0,
1486919213,41.3146146,-8.7137655,3,35.0,
1486919218,41.3153988,-8.7143187,3,35.0,
1486919220,41.3154846,-8.7140953,3,35.0,
1486919232,41.3164558,-8.7141334,3,35.0,
1486919233,41.3164755,-8.7129648,3,35.0,
1486919239,41.3169862,-8.7142779,1,38.0,
1486919241,41.3171398,-8.7134152,3,38.0,
1486919244,41.3175486,-8.7107711,3,41.0,
1486919245,41.3180883,-8.7110834,3,41.0,
1486919246,41.318528,-8.7232743,3,20.0,
1486919256,41.3190637,-8.7116005,3,52.0,
1486919261,41.3203622,-8.7223916,3,23.0,
1486919262,41.3204203,-8.7226126,3,23.0,
1486919263,41.3204584,-8.7184848,4,34.0,
1486919271,41.320996,-8.7182045,3,36.0,
1486919277,41.3212918,-8.7174731,3,36.0,
1486919282,41.3215564,-8.7186486,3,36.0,
1486919286,41.3218461,-8.7187637,3,42.0,
1486919287,41.3218832,-8.7179108,3,36.0,
1486919288,41.3219478,-8.7177485,3,36.0,
1486919290,41.3219752,-8.7188482,3,42.0,
1486919291,41.32202,-8.7205808,3,42.0,
1486919292,41.3220405,-8.7174846,3,36.0,
1486919293,41.3220841,-8.7180925,3,36.0,
1486919294,41.3221118,-8.7189375,3,42.0,
1486919295,41.3222174,-8.7181798,3,36.0,
1486919296,41.3222624,-8.7190361,3,42.0,
1486919297,41.3222915,-8.7179791,3,36.0,
1486919298,41.3223977,-8.7191246,3,42.0,
1486919300,41.3224411,-8.7180712,3,36.0,
1486919301,41.3224966,-8.7199505,3,42.0,
1486919302,41.32248,-8.7177701,3,36.0,
1486919303,41.3225427,-8.7192196,3,42.0,
1486919306,41.3225927,-8.7181703,3,36.0,
1486919307,41.322664,-8.7192989,3,42.0,
1486919308,41.322728,-8.7182588,3,36.0,
1486919309,41.3228203,-8.7194012,3,42.0,
1486919310,41.3228243,-8.7153686,3,40.0,
1486919311,41.322848,-8.7183373,3,36.0,
1486919318,41.3229032,-8.7226809,3,48.0,
1486919319,41.3229527,-8.7194879,3,37.0,
1486919320,41.3229889,-8.7184295,3,40.0,
1486919322,41.3230839,-8.7195737,3,37.0,
1486919324,41.323131,-8.7185224,3,40.0,
1486919326,41.3231982,-8.7249018,3,45.0,
1486919327,41.3232205,-8.7196631,3,37.0,
1486919329,41.3232627,-8.7186086,3,40.0,
1486919331,41.3233642,-8.7197571,3,37.0,
1486919332,41.3234033,-8.7187006,3,40.0,
1486919334,41.3235366,-8.7187878,3,37.0,
1486919335,41.3236837,-8.7188839,3,37.0,
1486919343,41.3240928,-8.7188774,3,37.0,
1486919467,41.3249542,-8.7224572,1,50.0,
1487705416,41.3048585,-8.7025339,3,58.0,
1487705422,41.3046806,-8.7024095,3,58.0,
1487705484,41.304998,-8.7021796,3,58.0,
1487705525,41.3050342,-8.7017525,3,50.0,
1487705613,41.3060538,-8.6979099,3,53.0,
1487706006,41.3065676,-8.6992445,3,56.0,
1487706250,41.3068523,-8.7036255,3,50.0,
1487706256,41.3071709,-8.7038285,3,50.0,
1487706456,41.30746,-8.7023305,3,50.0,
1487706853,41.3096128,-8.7054293,4,45.0,
1487706860,41.3096485,-8.7080965,3,43.0,
1487707051,41.3116819,-8.7117917,3,35.0,
1487707249,41.3120795,-8.7104334,3,35.0,
1487707280,41.3124953,-8.7120098,4,35.0,
1487707283,41.3127383,-8.7114621,3,35.0,
1487707345,41.312989,-8.7121797,1,35.0,
1487707367,41.3141705,-8.712222,3,35.0,
1802287902,41.3048202,-8.7020556,3,50.0,
2286838820,41.3198188,-8.7122382,4,52.0,
2295378462,41.3076933,-8.7289216,3,39.0,
2295378471,41.3082991,-8.7276613,3,39.0,
2295378477,41.3082668,-8.7286912,3,39.0,
2295378480,41.3085625,-8.7290417,3,28.0,
2295386642,41.3090086,-8.7284447,3,28.0,
2295387372,41.3094438,-8.736168,3,9.0,
2295387439,41.30877,-8.7367893,3,9.0,
2295387441,41.3086602,-8.7374123,3,9.0,
2295387773,41.3087599,-8.7367593,3,9.0,
2295387774,41.3088255,-8.7362045,3,9.0,
2297808417,41.3093342,-8.7369411,3,9.0,
2297808418,41.3081763,-8.7366016,3,9.0,
2297808419,41.3073222,-8.736282,3,9.0,crossing
2297808420,41.3073037,-8.7354763,4,9.0,crossing
2297808421,41.3072806,-8.734667,4,15.0,crossing
2297813173,41.3167863,-8.734188,3,8.0,
2297813180,41.3181415,-8.7354868,3,4.0,
2297813226,41.3225263,-8.7341166,4,9.0,
2298905780,41.3142394,-8.7394639,3,8.0,
2298905781,41.3141809,-8.7395897,3,0.0,
2298905782,41.3129274,-8.7396468,3,0.0,
2298905783,41.3122534,-8.7395968,3,0.0,
2298905784,41.3116406,-8.7396477,4,0.0,
2298905790,41.3085524,-8.7390888,4,9.0,
2298905791,41.3086827,-8.7388679,3,9.0,
2298905794,41.3130262,-8.739395,3,8.0,
2298905796,41.3130585,-8.7391932,3,8.0,
2298905797,41.3130541,-8.7390242,3,8.0,
2298905798,41.3114542,-8.7392476,3,9.0,
2298905800,41.3114543,-8.7390757,3,9.0,
2298905801,41.3122579,-8.7394212,4,9.0,
2298905802,41.3122548,-8.7392204,4,9.0,
2298905803,41.3122516,-8.7390504,3,9.0,
2298905808,41.3116266,-8.7394458,3,9.0,
2298908210,41.3079802,-8.7376786,3,3.0,
2299038368,41.3105959,-8.7400501,3,0.0,
2299038379,41.3104291,-8.7398476,3,0.0,
2299038384,41.3103834,-8.7400155,3,0.0,
2299038386,41.3102378,-8.7398672,3,0.0,
2299042284,41.3102225,-8.7388631,3,9.0,
2299042285,41.3109521,-8.7390125,3,9.0,
2299042286,41.3116141,-8.7380889,3,9.0,
2299042288,41.3109895,-8.7390194,3,9.0,
2299051450,41.3102266,-8.7364398,3,9.0,
2299051451,41.3097463,-8.7394128,3,9.0,
2299051452,41.3102441,-8.7394441,3,9.0,
2302835508,41.3076371,-8.7256508,3,37.0,
2302835513,41.3077275,-8.7248492,1,29.0,
2302851699,41.3175616,-8.7228924,3,18.0,
2302851709,41.3174939,-8.7224857,3,18.0,
2302857433,41.3174652,-8.7224957,3,18.0,
2302857437,41.3173637,-8.7227197,3,18.0,
2302857444,41.3177341,-8.7229085,3,18.0,
2302857448,41.3176501,-8.7225774,3,18.0,
2302857450,41.3176697,-8.7227486,3,18.0,
2302860055,41.3176267,-8.7223394,3,18.0,crossing
2302861192,41.3172909,-8.7224981,3,18.0,crossing
3016736612,41.3075932,-8.7387952,4,3.0,
3016736620,41.3096799,-8.7397799,3,0.0,
3016736621,41.308443,-8.7392941,1,9.0,
3016736622,41.307704,-8.7384425,3,3.0,
3016736623,41.3075297,-8.7390071,1,3.0,
3016736624,41.3060831,-8.7383956,3,0.0,
3016736625,41.3057436,-8.7384145,1,0.0,
3050546705,41.317875,-8.7386862,3,1.0,
3050546713,41.3182944,-8.738659,3,1.0,
3566908153,41.3089834,-8.706631,3,43.0,
3566908795,41.318589,-8.7198943,1,29.0,
3897693135,41.3196751,-8.7127849,3,39.0,
3897693140,41.319771,-8.7123867,3,52.0,
3897693162,41.3201694,-8.7131005,3,39.0,
3897693166,41.3202977,-8.712749,3,39.0,
3897693167,41.3204476,-8.7126529,3,39.0,
4223264849,41.3151993,-8.7371129,3,6.0,
4223264857,41.3162,-8.7375277,3,4.0,
4223264883,41.3176662,-8.7322778,1,14.0,
4223264993,41.3182146,-8.7380239,3,1.0,
4223265011,41.3216089,-8.7336036,1,9.0,
4223265012,41.3216129,-8.732748,1,20.0,
4223265019,41.3218061,-8.7342191,3,9.0,
4223265026,41.3224368,-8.7328848,3,20.0,
4223265029,41.3224931,-8.7336734,3,9.0,
4223265034,41.3225818,-8.7344271,3,9.0,
4359281699,41.3129928,-8.7076788,3,37.0,
4359281704,41.3133808,-8.7079386,3,37.0,
6432885371,41.3215991,-8.7192235,3,42.0,
6432885373,41.321492,-8.7189714,3,42.0,
6432885374,41.3214304,-8.7189281,1,42.0,
6432885375,41.3215326,-8.7188726,3,42.0,
6432885376,41.3214703,-8.7188292,1,42.0,
6432885377,41.3208829,-8.7185212,1,36.0,
6432885382,41.3209201,-8.7184208,1,36.0,
6432885383,41.3208597,-8.7183736,3,36.0,
6432885387,41.3154392,-8.7143477,3,35.0,crossing
6432885388,41.3147588,-8.7138794,3,35.0,crossing
6432885399,41.3153214,-8.7144618,1,35.0,
6432885400,41.3154189,-8.7143992,3,35.0,
6432885401,41.3153665,-8.7143601,1,35.0,
6432885405,41.3145616,-8.7139648,3,33.0,crossing
6432885406,41.3147423,-8.7139168,3,35.0,
6432885407,41.3148117,-8.7139675,1,35.0,
6432885408,41.3146981,-8.7140232,3,35.0,
6432885409,41.3147623,-8.7140727,1,35.0,
6975637943,41.3125299,-8.7273346,3,21.0,
6975638532,41.3105145,-8.7367655,1,9.0,
7655602177,41.3046948,-8.7073811,1,55.0,
7656098776,41.3184884,-8.7112561,1,41.0,
7656099890,41.322414,-8.7163543,1,40.0,
7656099891,41.3228685,-8.7154017,4,40.0,
7656150103,41.3217231,-8.7182992,3,36.0,
7656150104,41.3211259,-8.7178588,3,36.0,
7656150105,41.3215835,-8.7181963,4,36.0,
7656150108,41.3212608,-8.7179583,4,36.0,
7656150123,41.3216713,-8.7183016,3,36.0,
7656150124,41.3215703,-8.7182283,3,36.0,
7656150125,41.3212487,-8.7179875,3,36.0,
7656150126,41.3211512,-8.717915,3,36.0,
7741945441,41.3144184,-8.7112629,3,35.0,
7741945445,41.3139694,-8.7109733,1,35.0,
7741945452,41.3142745,-8.7095142,1,37.0,
7741990102,41.320584,-8.7127429,3,39.0,
7741990103,41.3207455,-8.7126173,3,39.0,
7741990104,41.3207933,-8.7126527,3,39.0,
7741990105,41.3208556,-8.7129221,3,42.0,
7752766520,41.318962,-8.7116904,4,52.0,crossing
7762649048,41.3070482,-8.7033971,3,50.0,
7762649051,41.3070647,-8.7037609,3,50.0,
7762651287,41.3061692,-8.703171,3,58.0,
7762651288,41.3063135,-8.7031142,3,50.0,
7762651297,41.3068571,-8.7033602,3,50.0,
7762651298,41.3070039,-8.7034635,3,50.0,
7852861135,41.307683,-8.7041645,3,50.0,
7852861138,41.307939,-8.7036175,1,50.0,
7852861139,41.3079725,-8.7036381,1,50.0,
7852861143,41.3078592,-8.7042801,3,59.0,
7852861144,41.3079101,-8.7037095,3,50.0,
7852861150,41.3077879,-8.7035875,3,50.0,
7852861151,41.307726,-8.7037426,3,50.0,
7852861152,41.30721,-8.7034183,3,50.0,
8449223812,41.3215585,-8.7187004,4,36.0,
8449223813,41.3220799,-8.717508,4,36.0,crossing
8449223815,41.3219816,-8.7177706,4,36.0,crossing
8449223819,41.3211636,-8.7178867,4,36.0,crossing
8449223820,41.3216845,-8.7182707,4,36.0,crossing
8449223833,41.320947,-8.7182487,4,36.0,
8449223839,41.3211572,-8.7174307,1,36.0,
8450828114,41.3197876,-8.7123352,4,52.0,crossing
8450828201,41.320349,-8.7127161,4,39.0,crossing
8454098839,41.3116584,-8.7397807,1,0.0,
8454098863,41.3151119,-8.739317,3,4.0,
8514504765,41.3197043,-8.7234354,3,18.0,
8514504956,41.3125695,-8.7268053,1,23.0,
9561185463,41.3222797,-8.7341356,3,9.0,
9561185478,41.3177334,-8.7354723,3,4.0,
9646064636,41.310436,-8.7398857,3,0.0,
10586725711,41.3224409,-8.7379952,3,5.0,
10586725712,41.3226895,-8.7361269,3,5.0,
11821884998,41.3240104,-8.7191033,1,37.0,
12228186206,41.3226295,-8.7353986,3,9.0,
12228186220,41.3220767,-8.7341995,3,9.0,
12617913450,41.3211149,-8.7240295,3,46.0,
13041426256,41.3050395,-8.7010863,1,50.0,
13041426258,41.3051512,-8.7012997,3,50.0,
13041426259,41.3050112,-8.7014229,3,50.0,
13041426260,41.3055417,-8.7027534,3,58.0,
13041426263,41.3055408,-8.7024832,3,58.0,
13041426264,41.3054424,-8.7026874,3,58.0,
13041426269,41.3053046,-8.701593,3,50.0,
13041426270,41.3053687,-8.7017154,3,50.0,
13041426271,41.30518,-8.7021075,3,58.0,
13041426272,41.3052877,-8.7022772,3,58.0,
13092919540,41.3173008,-8.735316,3,8.0,
13092919553,41.3170476,-8.7375733,3,1.0,
13092919554,41.3169414,-8.737868,3,1.0,
13092919555,41.316908,-8.7379337,3,1.0,
13092919564,41.317122,-8.737889,3,1.0,
13092926521,41.315756,-8.7261479,1,25.0,
13299598621,41.3119084,-8.7250103,3,26.0,
13299598628,41.3133342,-8.7256699,1,23.0,
13300045616,41.3104342,-8.7111342,1,35.0,
13300045621,41.3113111,-8.7133074,1,28.0,
13311375773,41.3185619,-8.7121215,1,41.0,
13319159116,41.3141107,-8.7154423,3,28.0,
13319159129,41.312208,-8.7153697,3,32.0,
13319159137,41.3157121,-8.7163796,3,32.0,
13319159211,41.3142624,-8.7166874,3,21.0,
13319159215,41.3146266,-8.7167977,1,20.0,
13319159268,41.3139287,-8.7179219,3,21.0,
13319159271,41.3135119,-8.7180248,1,21.0,
13319159461,41.3119245,-8.7193831,3,31.0,
13319159466,41.3105798,-8.7193305,1,31.0,
13319159471,41.3112344,-8.721046,1,31.0,
13319159472,41.3115439,-8.7209433,3,31.0,
13319159473,41.3113174,-8.7208239,1,31.0,
13319159495,41.3145068,-8.7153263,3,28.0,
13319159507,41.3155752,-8.7157321,1,32.0,
13319159574,41.3154104,-8.721014,1,28.0,
13319570913,41.3172167,-8.7254718,3,22.0,
13319570963,41.3198936,-8.7306766,1,15.0,
13319571072,41.3193204,-8.727071,1,13.0,
13319571073,41.3174875,-8.725505,3,22.0,
13319571075,41.3178962,-8.724172,3,20.0,
13319571264,41.3112515,-8.7188607,3,31.0,
13319571265,41.3113996,-8.7182612,1,30.0,
13319571266,41.31066,-8.7187127,3,30.0,
13319571270,41.3108601,-8.7177784,1,30.0,
13319571271,41.3102012,-8.718574,3,32.0,
13319571272,41.3102823,-8.7182033,1,32.0,
13319611404,41.310327,-8.7142023,3,32.0,
13319611419,41.3110571,-8.7154507,1,32.0,
13319611420,41.3109198,-8.7151214,3,32.0,
13319611422,41.3111102,-8.7151398,1,32.0,
13319633436,41.3155601,-8.7204922,1,26.0,
13319633437,41.3150304,-8.720345,3,26.0,
13319633439,41.3151546,-8.7196965,1,26.0,
13319670850,41.311814,-8.7150826,3,32.0,
13319670853,41.3118703,-8.714758,3,32.0,
13319670857,41.3121126,-8.7145877,1,32.0,
13319858452,41.3132496,-8.7143768,1,33.0,
13319870741,41.3197411,-8.7228147,3,23.0,
13319870824,41.3175036,-8.7240033,3,20.0,
13319870827,41.31797,-8.7242194,1,20.0,
13319870873,41.3120586,-8.709125,1,38.0,
13319870874,41.3101956,-8.7088326,3,38.0,
13319870881,41.3111384,-8.7090912,1,38.0,
13319870885,41.3123131,-8.7116322,1,35.0,
13319870888,41.31214,-8.7118503,1,35.0,
13319870889,41.3125755,-8.7107594,3,35.0,
13319870898,41.3128639,-8.7116272,1,35.0,
13319871000,41.3105985,-8.7064892,1,41.0,
13319871001,41.3104069,-8.7068041,3,43.0,
13319871002,41.3104792,-8.7068583,1,41.0,
13614748821,41.3102389,-8.7344276,3,17.0,
13614748825,41.3117723,-8.7349408,1,14.0,
13618090202,41.3099021,-8.7277396,3,28.0,
13618090213,41.3105166,-8.7290517,3,24.0,
13618090574,41.3090018,-8.7277388,3,28.0,
13618163779,41.3086558,-8.7296937,3,26.0,
13618163784,41.307978,-8.7295866,3,30.0,
13618163786,41.3106795,-8.7292519,3,21.0,
13618163787,41.311495,-8.729175,1,21.0,
13618275150,41.3090703,-8.7302232,3,26.0,
13618275156,41.3089366,-8.7300919,3,26.0,
13620771034,41.3131389,-8.7213413,3,30.0,
13620771035,41.3127279,-8.7210269,1,30.0,
13620771066,41.3126321,-8.7211801,1,30.0,
13620771067,41.3124735,-8.7215663,3,31.0,
13620771068,41.3125442,-8.7213941,4,30.0,
13620771069,41.312994,-8.7217413,3,30.0,
13620771070,41.3126494,-8.721702,3,30.0,
13620771073,41.3126166,-8.7212178,4,30.0,
13620771074,41.3123984,-8.721286,3,31.0,
13620771075,41.3128143,-8.7213727,1,30.0,
13620771076,41.3127761,-8.7213427,3,30.0,
13620771077,41.3127123,-8.7215237,4,30.0,
13620771078,41.3126682,-8.7212578,3,30.0,
13620771080,41.3129724,-8.7214041,3,30.0,
13620771081,41.3128694,-8.7216444,3,30.0,
13620771082,41.3128766,-8.7213313,3,30.0,
13620771083,41.3127699,-8.7215679,3,30.0,
13620771084,41.3129234,-8.7213669,3,30.0,
13620771085,41.312819,-8.7216057,3,30.0,
13620771086,41.3128794,-8.7216521,3,30.0,
13620771087,41.3128036,-8.7218189,3,30.0,
13620771090,41.3129173,-8.7216812,4,30.0,
13620771093,41.312831,-8.7216149,3,30.0,
13620771094,41.3127587,-8.7217848,3,30.0,
13620771095,41.3127842,-8.721579,3,30.0,
13620771096,41.3127108,-8.7217485,3,30.0,
13620771097,41.3122189,-8.721579,1,31.0,
13620771098,41.3123593,-8.7211552,1,31.0,
13620771099,41.3123507,-8.721434,3,31.0,
13620771100,41.3122788,-8.721398,3,31.0,
13633865050,41.313798,-8.7183852,3,21.0,
13633865056,41.3138674,-8.7189927,1,29.0,
13633865071,41.3135819,-8.7191899,3,29.0,
13633865074,41.3134072,-8.7190076,1,29.0,
13640879278,41.3085645,-8.7388191,3,9.0,
13640879285,41.308114,-8.7386308,1,3.0,
13658425879,41.3213817,-8.7241645,3,46.0,
13658425882,41.3217167,-8.7234798,1,46.0,
13658425890,41.3211195,-8.7232277,1,46.0,
13658524551,41.3186488,-8.7212119,3,18.0,
13658524560,41.319196,-8.7223157,1,23.0,
13658530535,41.3180325,-8.7234716,3,20.0,
13658530539,41.3176879,-8.7238779,3,20.0,
13658530540,41.3176585,-8.7238275,3,20.0,
13658530541,41.3177734,-8.7240385,1,20.0,
