u,v,key,osmid,highway,oneway,reversed,length,grade,grade_abs,elevation_change,service,junction,incline,smoothness
1841498435,8513577088,0,179741843,unclassified,False,False,10.876641512554917,0.0,0.0,0.0,,,,
1841498435,2265527318,0,1246109258,footway,False,False,87.17935915193667,0.0,0.0,0.0,,,,
1841498435,2265527318,1,179741836,service,False,False,87.179542452384,0.0,0.0,0.0,parking_aisle,,,
1841498435,1901802883,0,179741843,unclassified,False,True,48.754204356695325,0.0,0.0,0.0,,,,
1841498444,2230475369,0,179741843,unclassified,False,False,17.866841346444396,0.0,0.0,0.0,,,,
1841498444,3465548878,0,179741843,unclassified,False,True,53.08306926151571,0.03767679653463378,0.03767679653463378,2.0,,,,
1841498444,11253761307,0,213324894,track,False,False,783.2415341398635,0.048516323948181145,0.048516323948181145,38.0,,,,
1841498451,11584708540,0,173306635,unclassified,False,True,48.63097117084835,0.020563027550629016,0.020563027550629016,1.0,,,,
1841498459,13713023711,0,173306633,unclassified,False,False,22.80608242767207,0.0,0.0,0.0,,,,
1841498459,13713023719,0,173306633,unclassified,False,True,22.14272267745787,0.0,0.0,0.0,,,,
1841498459,11584708540,0,1246109241,footway,False,True,8.614393801822443,0.0,0.0,0.0,,,,
1841498466,13713023711,0,173306633,unclassified,False,True,29.462438794240718,0.0,0.0,0.0,,,,
1841498466,1841498470,0,1387817994,unclassified,False,False,9.36597308995531,0.0,0.0,0.0,,,,
1841498466,13057979011,0,916673038,unclassified,False,True,277.3054473954307,0.04687971376726084,0.04687971376726084,13.0,,,,
1841498470,1841498466,0,1387817994,unclassified,False,True,9.36597308995531,0.0,0.0,0.0,,,,
1841498470,11584708540,0,173306635,unclassified,False,False,54.9452231805058,0.0,0.0,0.0,,,,
1841498470,3465407476,0,916673039,unclassified,False,False,165.48457527393148,0.07855717053073205,0.07855717053073205,13.0,,,,
1841498491,1841498494,0,179741843,unclassified,False,True,26.188888240303953,0.22910479990388333,0.22910479990388333,6.0,,,,
1841498491,3465616480,0,339374540,footway,False,False,23.155115017022432,0.17274800825041936,0.17274800825041936,4.0,,,,
1841498491,13713095648,0,179741843,unclassified,False,False,25.1728459104649,0.0,0.0,0.0,,,,
1841498494,1841498491,0,179741843,unclassified,False,False,26.188888240303953,-0.22910479990388333,0.22910479990388333,-6.0,,,,
1841498494,3465556089,0,339368882,footway,False,True,38.16420956619148,0.0,0.0,0.0,,,,
1841498494,13058788592,0,179741843,unclassified,False,True,31.325712449052876,0.3830718940396459,0.3830718940396459,12.0,,,,
1841498494,13713087963,0,339374546,service,False,False,49.61024758625485,-0.04031425153689669,0.04031425153689669,-2.0,,,,
1841498497,13058809512,0,228257939,residential,False,False,18.352838355584186,0.0,0.0,0.0,,,,
1841498497,2265527531,0,217273089,service,False,False,16.147753196012097,0.0,0.0,0.0,parking_aisle,,,
1841498497,2265527572,0,228257939,residential,False,True,94.58796942294325,0.0,0.0,0.0,,,,
1841498502,2265527528,0,228257939,residential,False,True,13.250079491124778,0.0,0.0,0.0,,,,
1841498502,1841498507,0,179741824,unclassified,False,False,76.1245861833587,0.0,0.0,0.0,,roundabout,,
1841498502,1841498507,1,179741824,unclassified,False,True,77.24515120334499,0.0,0.0,0.0,,roundabout,,
1841498507,3465529571,0,179741843,unclassified,False,False,18.59040499957661,0.0,0.0,0.0,,,,
1841498507,1841498502,0,179741824,unclassified,False,False,77.24515120334497,0.0,0.0,0.0,,roundabout,,
1841498507,1841498502,1,179741824,unclassified,False,True,76.1245861833587,0.0,0.0,0.0,,roundabout,,
1841498508,3465529571,0,179741843,unclassified,False,True,3.8241650868198844,0.0,0.0,0.0,,,,
1841498508,3465407450,0,1246109243,footway,False,True,40.41920829698312,0.22264703287497184,0.22264703287497184,9.0,,,,
1841498508,3465407450,1,217272770,unclassified,False,True,40.42272597925874,0.22264703287497184,0.22264703287497184,9.0,,,,
1841498508,13713100874,0,179741843,unclassified,False,False,80.13106450185533,0.11231599200571729,0.11231599200571729,9.0,,,,
1841498523,3465585317,0,179741843,unclassified,False,False,7.036384017261821,0.0,0.0,0.0,,,,
1841498523,3465556048,0,339368849,path,False,False,13.64297663899005,0.0,0.0,0.0,,,,
1841498523,13712974198,0,179741843,unclassified,False,True,16.2644609411296,0.0,0.0,0.0,,,,
1841498548,11584708561,0,228257939,residential,False,True,1.7793143880177082,0.0,0.0,0.0,,,,
1841498548,2265527620,0,217273081,service,False,False,17.262221897421217,0.0,0.0,0.0,parking_aisle,,,
1841498548,2265527584,0,228257939,residential,False,False,78.97172256708004,0.0,0.0,0.0,,,,
1841498567,2265527740,0,217272770,unclassified,False,False,38.66447941066261,0.1293176599352101,0.1293176599352101,5.0,,,,
1841498567,13058809520,0,228257939,residential,False,False,53.19876178648285,0.09398714992780977,0.09398714992780977,5.0,,,,
1901802883,3465548855,0,"[179741833, 217273070]","['service', 'footway']",False,"[False, True]",107.95437112414659,0.0,0.0,0.0,parking_aisle,,,
1901802883,1841498435,0,179741843,unclassified,False,False,48.754204356695325,0.0,0.0,0.0,,,,
1901802883,3465526132,0,179741843,unclassified,False,True,50.07814520321129,0.0,0.0,0.0,,,,
1901802883,8513577090,0,"[339364936, 1246109261]","['steps', 'footway']",False,False,20.62192149629143,0.0,0.0,0.0,,,,
1901802911,13057979011,0,"[1420944146, 1420944147]","['steps', 'footway']",False,False,74.7582609883949,0.0802586887478751,0.0802586887478751,6.0,,,,
1901802918,11584727087,0,179741836,service,False,True,1.1142408376415462,0.0,0.0,0.0,parking_aisle,,,
2230475369,1841498444,0,179741843,unclassified,False,True,17.866841346444396,0.0,0.0,0.0,,,,
2230475369,3465548860,0,213324896,residential,False,False,59.874504372902045,0.15031439665784044,0.15031439665784044,9.0,,,,
2230475369,2355658526,0,179741843,unclassified,False,False,119.11703397653372,-0.06716083949484516,0.06716083949484516,-8.0,,,,
2230475387,3465548857,0,213324896,residential,False,True,22.73140309467864,0.0,0.0,0.0,,,,
2230475467,3465556045,0,"[339374528, 213324867]","['steps', 'track']",False,False,532.7955552181841,-0.050676098431307826,0.050676098431307826,-27.0,,,,
2230475467,2230475470,0,213324894,track,False,False,27.506082566412722,0.0,0.0,0.0,,,,
2230475467,11253761307,0,213324894,track,False,True,188.30168583480136,0.0,0.0,0.0,,,,
2230475470,2230475555,0,213324893,track,False,True,836.663332150752,-0.07437292854020464,0.07437292854020464,-46.0,,,,
2230475470,2230475555,1,213324894,track,False,False,618.5046212767223,-0.07437292854020464,0.07437292854020464,-46.0,,,,
2230475470,2230475467,0,213324894,track,False,True,27.506082566412722,0.0,0.0,0.0,,,,
2230475555,2230475470,0,213324893,track,False,False,836.6633321507519,0.07437292854020465,0.07437292854020465,46.0,,,,
2230475555,2230475470,1,213324894,track,False,True,618.5046212767222,0.07437292854020465,0.07437292854020465,46.0,,,,
2230475555,13604950651,0,"[217272771, 213324893]",track,False,True,255.17742297258917,-0.03526957790841382,0.03526957790841382,-9.0,,,,
2265527318,11584727087,0,179741836,service,False,False,42.19413210268295,0.1373483355809961,0.1373483355809961,6.0,parking_aisle,,,
2265527318,11584727087,1,1246109258,footway,False,False,43.68454830282033,0.1373483355809961,0.1373483355809961,6.0,,,,
2265527318,2355658529,0,217273070,footway,False,False,22.367203247333148,0.0,0.0,0.0,,,,
2265527318,1841498435,0,1246109258,footway,False,True,87.17935915193667,0.0,0.0,0.0,,,,
2265527318,1841498435,1,179741836,service,False,True,87.179542452384,0.0,0.0,0.0,parking_aisle,,,
2265527318,3465416745,0,217273070,footway,False,True,27.6098706054327,0.0,0.0,0.0,,,,
2265527328,3465416744,0,339351405,footway,False,False,33.63040846120485,0.17840996510409443,0.17840996510409443,6.0,,,,
2265527328,3465416745,0,217273070,footway,False,False,75.20746021907902,0.0,0.0,0.0,,,,
2265527328,3465416746,0,217273070,footway,False,True,109.35436259865423,0.0,0.0,0.0,,,,
2265527526,13713024685,0,217273089,service,False,True,34.49927680298823,0.0,0.0,0.0,parking_aisle,,,
2265527528,1841498502,0,228257939,residential,False,False,13.250079491124778,0.0,0.0,0.0,,,,
2265527528,3465407483,0,228257939,residential,False,True,5.612465248471695,0.0,0.0,0.0,,,,
2265527528,3465460848,0,217273040,footway,False,False,109.85470193154968,0.0,0.0,0.0,,,,
2265527528,3465529568,0,217273070,footway,False,False,72.03854034087122,0.05552583354788758,0.05552583354788758,4.0,,,,
2265527531,13713024685,0,217273089,service,False,False,20.51116537706698,0.0,0.0,0.0,parking_aisle,,,
2265527531,1841498497,0,217273089,service,False,True,16.147753196012097,0.0,0.0,0.0,parking_aisle,,,
2265527531,13713024683,0,"[1497256130, 1497256131]",service,False,False,81.2686624159102,0.0,0.0,0.0,parking_aisle,,,
2265527572,2265527582,0,217273077,residential,False,True,58.02063234611886,0.0,0.0,0.0,,,,
2265527572,2265527584,0,228257939,residential,False,True,19.095632703809503,0.0,0.0,0.0,,,,
2265527572,11584708562,0,1246109256,footway,False,True,19.063166410947083,0.0,0.0,0.0,,,,
2265527572,1841498497,0,228257939,residential,False,False,94.58796942294325,0.0,0.0,0.0,,,,
2265527582,2265527572,0,217273077,residential,False,False,58.02063234611886,0.0,0.0,0.0,,,,
2265527582,11584708562,0,217273077,residential,False,True,75.53194128301658,0.0,0.0,0.0,,,,
2265527582,11584727085,0,1246109254,footway,False,True,51.372149822071464,0.0,0.0,0.0,,,,
2265527584,11584708562,0,217273077,residential,False,False,1.0109124548560364,0.0,0.0,0.0,,,,
2265527584,2265527572,0,228257939,residential,False,False,19.095632703809503,0.0,0.0,0.0,,,,
2265527584,1841498548,0,228257939,residential,False,True,78.97172256708004,0.0,0.0,0.0,,,,
2265527592,3465407450,0,217272770,unclassified,False,False,90.87124204928602,0.0,0.0,0.0,,,,
2265527592,2265527770,0,217272770,unclassified,False,True,199.49904702106443,-0.045112997452312245,0.045112997452312245,-9.0,,,,
2265527592,6585260698,0,"[217272833, 339372954]","['service', 'residential']",False,False,89.31163644080888,0.0,0.0,0.0,,,,
2265527620,2265527625,0,217273081,service,False,False,18.738595359866224,0.0,0.0,0.0,parking_aisle,,,
2265527620,1841498548,0,217273081,service,False,True,17.262221897421217,0.0,0.0,0.0,parking_aisle,,,
2265527620,13713024650,0,"[1497255752, 1497255753]",service,False,False,71.94506240012714,0.0,0.0,0.0,parking_aisle,,,
2265527625,2265527634,0,217273081,service,False,False,16.674283627299644,-0.17991777440371165,0.17991777440371165,-3.0,parking_aisle,,,
2265527625,2265527620,0,217273081,service,False,True,18.738595359866224,0.0,0.0,0.0,parking_aisle,,,
2265527625,13713024650,0,1497255750,service,False,False,54.3529854742721,0.0,0.0,0.0,parking_aisle,,,
2265527634,2265527635,0,217273081,service,False,False,5.570891101242537,0.0,0.0,0.0,parking_aisle,,,
2265527634,2265527625,0,217273081,service,False,True,16.674283627299644,0.17991777440371165,0.17991777440371165,3.0,parking_aisle,,,
2265527634,13713024650,0,"[1497255752, 1497255751]",service,False,True,74.15986289306588,0.040453149223398946,0.040453149223398946,3.0,parking_aisle,,,
2265527635,2265527634,0,217273081,service,False,True,5.570891101242537,0.0,0.0,0.0,parking_aisle,,,
2265527740,1841498567,0,217272770,unclassified,False,True,38.66447941066261,-0.1293176599352101,0.1293176599352101,-5.0,,,,
2265527740,2265527793,0,217272994,service,False,True,42.77045486426871,0.0,0.0,0.0,,,,
2265527740,2265527761,0,217272770,unclassified,False,False,54.384890061042086,0.0,0.0,0.0,,,,
2265527761,13058809530,0,217272770,unclassified,False,False,28.464290577250708,0.0,0.0,0.0,,,,
2265527761,2265527740,0,217272770,unclassified,False,True,54.384890061042086,0.0,0.0,0.0,,,,
2265527761,2265527809,0,217272992,residential,False,False,43.3777824779214,0.0,0.0,0.0,,,,
2265527770,2265527788,0,217272892,unclassified,False,False,87.5495476468999,0.0,0.0,0.0,,,,
2265527770,2265527592,0,217272770,unclassified,False,False,199.49904702106443,0.045112997452312245,0.045112997452312245,9.0,,,,
2265527770,13604950641,0,217272770,unclassified,False,True,107.31438179923757,-0.018636831023651382,0.018636831023651382,-2.0,,,,
2265527786,2265527790,0,217272770,unclassified,False,False,7.731061446776288,0.0,0.0,0.0,,,,
2265527786,13058809530,0,217272770,unclassified,False,True,33.0415209229642,0.0,0.0,0.0,,,,
2265527786,2265527911,0,217273021,track,False,False,185.68205122036744,0.005385550156451041,0.005385550156451041,1.0,,,,
2265527788,2265527770,0,217272892,unclassified,False,True,87.5495476468999,0.0,0.0,0.0,,,,
2265527790,2265527786,0,217272770,unclassified,False,True,7.731061446776288,0.0,0.0,0.0,,,,
2265527790,3465388638,0,217273040,footway,False,True,44.23410356233464,0.0,0.0,0.0,,,,
2265527790,2265527814,0,217272770,unclassified,False,False,57.70463899043577,0.0693185170201477,0.0693185170201477,4.0,,,,
2265527793,2265527740,0,217272994,service,False,False,42.77045486426871,0.0,0.0,0.0,,,,
2265527809,2265527761,0,217272992,residential,False,True,43.3777824779214,0.0,0.0,0.0,,,,
2265527814,13604950641,0,217272770,unclassified,False,False,118.46432390158758,0.0,0.0,0.0,,,,
2265527814,2265527790,0,217272770,unclassified,False,True,57.70463899043578,-0.06931851702014767,0.06931851702014767,-4.0,,,,
2265527814,2265527911,0,217272771,track,False,False,112.57775881021807,-0.026648247679698048,0.026648247679698048,-3.0,,,,
2265527911,2265527924,0,217272771,track,False,False,30.86499954592689,0.0,0.0,0.0,,,,
2265527911,2265527814,0,217272771,track,False,True,112.57775881021806,0.02664824767969805,0.02664824767969805,3.0,,,,
2265527911,2265527786,0,217273021,track,False,True,185.6820512203675,-0.005385550156451039,0.005385550156451039,-1.0,,,,
2265527924,2265527911,0,217272771,track,False,True,30.86499954592689,0.0,0.0,0.0,,,,
2265527924,13604950651,0,217272771,track,False,False,172.64435628875665,0.0,0.0,0.0,,,,
2265527924,13604950641,0,1483739707,track,False,False,162.60678913143528,0.01844941417283073,0.01844941417283073,3.0,,,,
2355658526,3465526132,0,179741843,unclassified,False,False,4.231772141771323,0.0,0.0,0.0,,,,
2355658526,2355658528,0,226832140,footway,False,False,30.43827202600744,0.0,0.0,0.0,,,,
2355658526,2230475369,0,179741843,unclassified,False,True,119.1170339765337,0.06716083949484518,0.06716083949484518,8.0,,,,
2355658526,11621908450,0,1246109260,footway,False,False,48.88766863321825,0.16364044806514155,0.16364044806514155,8.0,,,,
2355658528,2355658526,0,226832140,footway,False,True,30.43827202600744,0.0,0.0,0.0,,,,
2355658529,3465548855,0,217273070,footway,False,False,3.680343559161478,0.0,0.0,0.0,,,,
2355658529,2265527318,0,217273070,footway,False,True,22.367203247333148,0.0,0.0,0.0,,,,
2355658529,3465451515,0,226832136,footway,False,False,78.10380743982547,0.07682083878718278,0.07682083878718278,6.0,,,,
2355658531,11584926721,0,226832137,footway,False,False,15.617979636455852,0.0,0.0,0.0,,,,
2355658531,3465548860,0,1246109259,footway,False,True,43.09196195406835,0.0,0.0,0.0,,,,
2355658531,6601940167,0,226832137,footway,False,True,52.90613602041742,0.0,0.0,0.0,,,,
2355658532,11584926720,0,339351409,footway,False,True,25.49211090280858,0.39227822435443177,0.39227822435443177,10.0,,,,
2355658532,3465529570,0,339366982,footway,False,False,7.401477223925772,1.2159734776872508,1.2159734776872508,9.0,,,,
2355658532,3465529568,0,"[1246135536, 339366981, 339366982, 1246135535]","['steps', 'footway']",False,"[False, True]",83.60386190418234,0.04784467976592236,0.04784467976592236,4.0,,,down,
2355658533,3465548803,0,339366988,footway,False,False,6.4394196280863,0.0,0.0,0.0,,,,
2355658533,11584926719,0,339351402,footway,False,True,19.492525168138812,0.05130171649769285,0.05130171649769285,1.0,,,,
2355658533,11584926720,0,"[339366988, 1246135533, 1246135534]","['steps', 'footway']",False,"[False, True]",97.72693814060732,0.010232593172633963,0.010232593172633963,1.0,,,down,
2355658535,3465548807,0,1246129910,steps,False,True,32.56928813822796,0.5526678975483236,0.5526678975483236,18.0,,,down,
2355658535,13712974198,0,179741843,unclassified,False,False,45.83066845714142,0.3927501082999196,0.3927501082999196,18.0,,,,
2355658535,13713100874,0,179741843,unclassified,False,True,116.48920534193874,0.0,0.0,0.0,,,,
2355672208,3465451508,0,339351402,footway,False,False,9.834376613951623,0.0,0.0,0.0,,,,
2355672208,3465451508,1,"[339355600, 339355599]","['steps', 'footway']",False,"[False, True]",27.967481902757168,0.0,0.0,0.0,,,,
2355672208,6601940166,0,226832137,footway,False,False,27.305776186040433,0.4028451681817983,0.4028451681817983,11.0,,,,
2355672208,3465416742,0,"[339351402, 339351404]","['steps', 'footway']",False,"[False, True]",57.865866322384086,-0.10368807003722395,0.10368807003722395,-6.0,,,,
3465378544,3465548801,0,339366987,steps,False,False,23.09184808888903,0.0,0.0,0.0,,,,
3465388638,2265527790,0,217273040,footway,False,False,44.23410356233464,0.0,0.0,0.0,,,,
3465388638,11584727077,0,217273040,footway,False,True,49.129858397501714,0.08141688436462913,0.08141688436462913,4.0,,,,
3465388638,3465388639,0,339349433,footway,False,False,16.051296885309103,0.2492010476524789,0.2492010476524789,4.0,,,,
3465388639,3465388638,0,339349433,footway,False,True,16.051296885309103,-0.2492010476524789,0.2492010476524789,-4.0,,,,
3465407419,3465407420,0,339350100,footway,False,True,8.077402922099596,0.0,0.0,0.0,,,,
3465407419,3465407420,1,339350100,footway,False,False,22.558435751030967,0.0,0.0,0.0,,,,
3465407419,11584727077,0,1246109251,footway,False,True,12.962460947340501,0.0,0.0,0.0,,,,
3465407420,3465407419,0,339350100,footway,False,False,8.077402922099596,0.0,0.0,0.0,,,,
3465407420,3465407419,1,339350100,footway,False,True,22.558435751030967,0.0,0.0,0.0,,,,
3465407420,3465407450,0,339350100,footway,False,True,537.6285936663647,0.02046022129326375,0.02046022129326375,11.0,,,,
3465407450,2265527592,0,217272770,unclassified,False,True,90.87124204928602,0.0,0.0,0.0,,,,
3465407450,1841498508,0,1246109243,footway,False,False,40.41920829698312,-0.22264703287497184,0.22264703287497184,-9.0,,,,
3465407450,1841498508,1,217272770,unclassified,False,False,40.42272597925874,-0.22264703287497184,0.22264703287497184,-9.0,,,,
3465407450,3465407420,0,339350100,footway,False,False,537.6285936663647,-0.02046022129326375,0.02046022129326375,-11.0,,,,
3465407476,3465407489,0,1246109257,footway,False,True,42.93207084056843,-0.16302233843924918,0.16302233843924918,-7.0,,,,
3465407476,3465407489,1,228257939,residential,False,True,42.93890068696673,-0.16302233843924918,0.16302233843924918,-7.0,,,,
3465407476,3465407483,0,228257939,residential,False,False,72.34154151568379,-0.05529326464701879,0.05529326464701879,-4.0,,,,
3465407476,3465407484,0,339350103,footway,False,False,59.886994955210014,-0.06679246475785992,0.06679246475785992,-4.0,,,,
3465407476,1841498470,0,916673039,unclassified,False,True,165.48457527393145,-0.07855717053073207,0.07855717053073207,-13.0,,,,
3465407483,2265527528,0,228257939,residential,False,False,5.612465248471695,0.0,0.0,0.0,,,,
3465407483,3465407476,0,228257939,residential,False,True,72.34154151568379,0.05529326464701879,0.05529326464701879,4.0,,,,
3465407483,3465407484,0,339350104,footway,False,False,45.478379737554064,0.0,0.0,0.0,,,,
3465407484,3465407492,0,339350103,footway,False,False,40.152812927229235,0.0,0.0,0.0,,,,
3465407484,3465407476,0,339350103,footway,False,True,59.886994955210014,0.06679246475785992,0.06679246475785992,4.0,,,,
3465407484,3465407489,0,339350104,footway,False,False,66.82615573804557,-0.04489260180938458,0.04489260180938458,-3.0,,,,
3465407484,3465407483,0,339350104,footway,False,True,45.478379737554064,0.0,0.0,0.0,,,,
3465407489,3465407476,0,1246109257,footway,False,False,42.93207084056843,0.16302233843924918,0.16302233843924918,7.0,,,,
3465407489,3465407476,1,228257939,residential,False,False,42.93890068696673,0.16302233843924918,0.16302233843924918,7.0,,,,
3465407489,13058809512,0,228257939,residential,False,True,35.783065386561915,0.0,0.0,0.0,,,,
3465407489,3465407484,0,339350104,footway,False,True,66.82615573804556,0.044892601809384584,0.044892601809384584,3.0,,,,
3465407492,3465407492,0,339350103,footway,False,False,13.937730432338196,0.0,0.0,0.0,,,,
3465407492,3465407492,1,339350103,footway,False,True,13.937730432338196,0.0,0.0,0.0,,,,
3465407492,3465407484,0,339350103,footway,False,True,40.152812927229235,0.0,0.0,0.0,,,,
3465416742,2355672208,0,"[339351402, 339351404]","['steps', 'footway']",False,"[False, True]",57.865866322384086,0.10368807003722395,0.10368807003722395,6.0,,,,
3465416744,3465416745,0,339351405,footway,False,False,38.49160469714464,-0.1558781466038772,0.1558781466038772,-6.0,,,,
3465416744,2265527328,0,339351405,footway,False,True,33.63040846120485,-0.17840996510409443,0.17840996510409443,-6.0,,,,
3465416744,3465451502,0,1246109258,footway,False,False,4.865052586516554,0.0,0.0,0.0,,,,
3465416744,11584727087,0,1246109258,footway,False,True,28.028008226673975,0.0,0.0,0.0,,,,
3465416745,3465416744,0,339351405,footway,False,True,38.49160469714464,0.1558781466038772,0.1558781466038772,6.0,,,,
3465416745,2265527318,0,217273070,footway,False,False,27.6098706054327,0.0,0.0,0.0,,,,
3465416745,2265527328,0,217273070,footway,False,True,75.20746021907902,0.0,0.0,0.0,,,,
3465416746,3465529568,0,217273070,footway,False,True,103.4658732124762,0.0,0.0,0.0,,,,
3465416746,2265527328,0,217273070,footway,False,False,109.35436259865423,0.0,0.0,0.0,,,,
3465416746,13057946657,0,339351406,footway,False,False,37.27823631203653,0.0,0.0,0.0,,,,
3465416747,13057946665,0,226832136,footway,False,True,16.362536869284632,0.0,0.0,0.0,,,,
3465416747,13057946670,0,339351408,steps,False,True,18.901513866570127,0.0,0.0,0.0,,,,
3465416747,3465526419,0,339351410,footway,False,False,64.49438364913168,0.0,0.0,0.0,,,,
3465416747,11584926720,0,339351409,footway,False,False,78.82834644264618,0.0,0.0,0.0,,,,
3465416748,11584926726,0,339351402,footway,False,True,34.400171994436484,0.0,0.0,0.0,,,,
3465416748,3465416749,0,339351410,footway,False,False,59.50042594653166,0.1848726261201026,0.1848726261201026,11.0,,,,
3465416748,3465526419,0,339351410,footway,False,True,32.368104228004015,0.0,0.0,0.0,,,,
3465416748,11584926719,0,339351402,footway,False,False,59.83115289436387,0.0,0.0,0.0,,,,
3465416749,3465416748,0,339351410,footway,False,True,59.50042594653166,-0.1848726261201026,0.1848726261201026,-11.0,,,,
3465416749,3465526412,0,339364964,path,False,False,43.310046212230226,-0.253982642874524,0.253982642874524,-11.0,,,,
3465416749,3465416750,0,339351407,steps,False,False,30.09262661902416,0.0,0.0,0.0,,,,
3465416750,3465416752,0,226832137,footway,False,False,30.606968191536406,0.0,0.0,0.0,,,,
3465416750,3465548847,0,339367002,footway,False,False,9.093051082036737,0.0,0.0,0.0,,,,
3465416750,3465548831,0,226832137,footway,False,True,35.77447147378184,0.0,0.0,0.0,,,,
3465416750,3465416749,0,339351407,steps,False,True,30.09262661902416,0.0,0.0,0.0,,,,
3465416752,3465416750,0,226832137,footway,False,True,30.606968191536406,0.0,0.0,0.0,,,,
3465416752,3465548809,0,226832137,footway,False,False,28.738615271245333,0.2087783264214317,0.2087783264214317,6.0,,,,
3465416752,3465548845,0,"[339351411, 339351412, 339351413]","['steps', 'footway']",False,False,25.983284994624444,0.0,0.0,0.0,,,,
3465416756,3465548885,0,339351413,footway,False,True,28.008351980067,0.0,0.0,0.0,,,,
3465416756,3465416792,0,1246129912,footway,False,False,22.022209369024658,0.0,0.0,0.0,,,,
3465416756,3503438411,0,1246129912,footway,False,True,15.226096848639372,0.0,0.0,0.0,,,,
3465416781,3503433974,0,339368852,footway,False,True,11.838892142944518,0.0,0.0,0.0,,,,
3465416781,3503438411,0,1246129912,footway,False,False,36.077617921663574,-0.16630809753093959,0.16630809753093959,-6.0,,,,
3465416781,3465416784,0,1246129912,footway,False,True,18.035031761947593,-0.33268585712499255,0.33268585712499255,-6.0,,,,
3465416784,3465556074,0,339368860,footway,False,False,22.282246757795058,0.0,0.0,0.0,,,,
3465416784,3465416781,0,1246129912,footway,False,False,18.03503176194759,0.33268585712499266,0.33268585712499266,6.0,,,,
3465416784,3465416792,0,1246129912,footway,False,True,19.40822845259463,0.0,0.0,0.0,,,,
3465416792,11584926722,0,339367019,footway,False,False,21.638104909957352,0.0,0.0,0.0,,,,
3465416792,3465416784,0,1246129912,footway,False,False,19.408228452594628,0.0,0.0,0.0,,,,
3465416792,3465416756,0,1246129912,footway,False,True,22.022209369024665,0.0,0.0,0.0,,,,
3465451502,3465416744,0,1246109258,footway,False,True,4.865052586516554,0.0,0.0,0.0,,,,
3465451503,3465451515,0,226832136,footway,False,True,39.17245658318354,0.0,0.0,0.0,,,,
3465451503,13057946665,0,226832136,footway,False,False,17.334528642881317,0.0,0.0,0.0,,,,
3465451503,11584926726,0,"[339364960, 1246135529, 1246135530, 339355603]","['steps', 'footway']",False,"[False, True]",97.1161661264268,0.0,0.0,0.0,,,down,
3465451508,3465526396,0,339351402,footway,False,False,35.26293326332852,0.0,0.0,0.0,,,,
3465451508,2355672208,0,339351402,footway,False,True,9.834376613951623,0.0,0.0,0.0,,,,
3465451508,2355672208,1,"[339355600, 339355599]","['steps', 'footway']",False,"[False, True]",27.967481902757168,0.0,0.0,0.0,,,,
3465451515,3465451503,0,226832136,footway,False,False,39.17245658318354,0.0,0.0,0.0,,,,
3465451515,3465451516,0,339355604,footway,False,False,5.016453774347706,0.0,0.0,0.0,,,,
3465451515,2355658529,0,226832136,footway,False,True,78.10380743982547,-0.07682083878718278,0.07682083878718278,-6.0,,,,
3465451516,3465451515,0,339355604,footway,False,True,5.016453774347706,0.0,0.0,0.0,,,,
3465460845,11584727077,0,217273040,footway,False,False,95.17351157888638,-0.02101425036042998,0.02101425036042998,-2.0,,,,
3465460845,3465460848,0,217273040,footway,False,True,40.596249461807986,0.0,0.0,0.0,,,,
3465460845,11584727081,0,1246109253,footway,False,False,46.483308246335056,-0.06453929621578802,0.06453929621578802,-3.0,,,,
3465460848,3465460845,0,217273040,footway,False,False,40.596249461807986,0.0,0.0,0.0,,,,
3465460848,2265527528,0,217273040,footway,False,True,109.8547019315497,0.0,0.0,0.0,,,,
3465460848,11584727085,0,1246109254,footway,False,False,48.736577797444056,-0.06155540941894636,0.06155540941894636,-3.0,,,,
3465524881,8513577088,0,1387817995,unclassified,False,True,13.997790315428738,0.0,0.0,0.0,,,,
3465524881,12847103126,0,339364928,service,False,False,44.97679527889211,0.0,0.0,0.0,,,,
3465524881,13057979011,0,916673038,unclassified,False,False,37.29124143336276,0.0,0.0,0.0,,,,
3465526097,3503433971,0,1246109261,footway,False,True,1.8447183565005953,0.0,0.0,0.0,,,,
3465526132,2355658526,0,179741843,unclassified,False,True,4.231772141771323,0.0,0.0,0.0,,,,
3465526132,3503433972,0,339364946,residential,False,False,40.30689228948032,0.1984772217749945,0.1984772217749945,8.0,,,,
3465526132,1901802883,0,179741843,unclassified,False,False,50.07814520321129,0.0,0.0,0.0,,,,
3465526133,3465526134,0,339364946,residential,False,True,12.582925883492315,0.0,0.0,0.0,,,,
3465526134,3465526133,0,339364946,residential,False,False,12.582925883492315,0.0,0.0,0.0,,,,
3465526134,3503433972,0,339364946,residential,False,True,8.643860594242495,0.0,0.0,0.0,,,,
3465526134,11621908450,0,339364947,footway,False,False,3.2152478644299873,0.0,0.0,0.0,,,,
3465526135,11621908450,0,339364947,footway,False,True,4.234265558251811,0.0,0.0,0.0,,,,
3465526396,6601940171,0,339351402,footway,False,False,17.72010470466961,0.0,0.0,0.0,,,,
3465526396,3465451508,0,339351402,footway,False,True,35.26293326332852,0.0,0.0,0.0,,,,
3465526396,3465526397,0,339364957,footway,False,False,8.353186090482954,0.0,0.0,0.0,,,,
3465526397,3465526396,0,339364957,footway,False,True,8.353186090482954,0.0,0.0,0.0,,,,
3465526398,6601940171,0,339364958,footway,False,False,15.492890662275089,0.0,0.0,0.0,,,,
3465526399,6601940171,0,339364958,footway,False,True,7.8251072149770815,0.0,0.0,0.0,,,,
3465526400,11584926725,0,339364959,footway,False,False,15.619539833876429,0.0,0.0,0.0,,,,
3465526401,11584926725,0,339364959,footway,False,True,7.3912992805364555,0.0,0.0,0.0,,,,
3465526407,3465526409,0,339364962,footway,False,False,13.324556908658945,0.0,0.0,0.0,,,,
3465526409,6601940166,0,339364962,footway,False,False,26.53164989865674,0.0,0.0,0.0,,,,
3465526409,3465526407,0,339364962,footway,False,True,13.324556908658945,0.0,0.0,0.0,,,,
3465526409,6601940167,0,339364963,footway,False,False,44.54940464573876,0.0,0.0,0.0,,,,
3465526412,3465416749,0,339364964,path,False,True,43.310046212230226,0.253982642874524,0.253982642874524,11.0,,,,
3465526419,3465416748,0,339351410,footway,False,False,32.368104228004015,0.0,0.0,0.0,,,,
3465526419,3465416747,0,339351410,footway,False,True,64.49438364913168,0.0,0.0,0.0,,,,
3465526419,3465526420,0,339364966,path,False,False,45.99334425393986,0.0,0.0,0.0,,,,
3465526420,3465526419,0,339364966,path,False,True,45.99334425393986,0.0,0.0,0.0,,,,
3465529568,3465416746,0,217273070,footway,False,False,103.4658732124762,0.0,0.0,0.0,,,,
3465529568,2265527528,0,217273070,footway,False,True,72.03854034087122,-0.05552583354788758,0.05552583354788758,-4.0,,,,
3465529568,2355658532,0,"[1246135536, 339366981, 339366982, 1246135535]","['steps', 'footway']",False,"[False, True]",83.60386190418232,-0.04784467976592237,0.04784467976592237,-4.0,,,down,
3465529570,2355658532,0,339366982,footway,False,True,7.401477223925772,-1.2159734776872508,1.2159734776872508,-9.0,,,,
3465529571,1841498508,0,179741843,unclassified,False,False,3.8241650868198844,0.0,0.0,0.0,,,,
3465529571,1841498507,0,179741843,unclassified,False,True,18.59040499957661,0.0,0.0,0.0,,,,
3465529571,3465529572,0,339366983,service,False,False,58.54199148426931,0.0,0.0,0.0,,,,
3465529572,3465529571,0,339366983,service,False,True,58.54199148426931,0.0,0.0,0.0,,,,
3465548801,3465378544,0,339366987,steps,False,True,23.09184808888903,0.0,0.0,0.0,,,,
3465548803,2355658533,0,339366988,footway,False,True,6.4394196280863,0.0,0.0,0.0,,,,
3465548804,3465548805,0,339366989,footway,False,False,24.256833611611167,0.0,0.0,0.0,,,,
3465548805,3465548804,0,339366989,footway,False,True,24.256833611611167,0.0,0.0,0.0,,,,
3465548806,3465548807,0,339366990,footway,False,False,17.028137062477285,1.057073943788266,1.057073943788266,18.0,,,,
3465548807,3465548806,0,339366990,footway,False,True,17.028137062477285,-1.057073943788266,1.057073943788266,-18.0,,,,
3465548807,2355658535,0,1246129910,steps,False,False,32.56928813822796,-0.5526678975483236,0.5526678975483236,-18.0,,,down,
3465548807,3465548838,0,226832137,footway,False,True,31.345432180534445,0.0,0.0,0.0,,,,
3465548809,3465548838,0,226832137,footway,False,False,18.002848041919258,0.0,0.0,0.0,,,,
3465548809,3465548840,0,339366999,footway,False,False,4.833369001204886,0.0,0.0,0.0,,,,
3465548809,3465416752,0,226832137,footway,False,True,28.738615271245333,-0.2087783264214317,0.2087783264214317,-6.0,,,,
3465548809,11584926719,0,"[1246135531, 1246135532, 339366991]","['steps', 'footway']",False,"[False, True]",95.20702316265519,-0.17855825584375823,0.17855825584375823,-17.0,,,down,
3465548810,3465548811,0,339366992,footway,False,False,14.573979751980861,0.0,0.0,0.0,,,,
3465548811,3465548812,0,226832137,footway,False,False,6.047392646790489,0.0,0.0,0.0,,,,
3465548811,11584926721,0,226832137,footway,False,True,46.10442253970256,0.0,0.0,0.0,,,,
3465548811,3465548810,0,339366992,footway,False,True,14.573979751980861,0.0,0.0,0.0,,,,
3465548812,3465548815,0,226832137,footway,False,False,29.06529714163549,0.0,0.0,0.0,,,,
3465548812,3465548811,0,226832137,footway,False,True,6.047392646790489,0.0,0.0,0.0,,,,
3465548812,3465548813,0,339366993,footway,False,False,5.631966480192672,0.0,0.0,0.0,,,,
3465548813,3465548812,0,339366993,footway,False,True,5.631966480192672,0.0,0.0,0.0,,,,
3465548814,3465548815,0,339366994,footway,False,False,14.371099787301226,0.0,0.0,0.0,,,,
3465548815,3465548831,0,226832137,footway,False,False,16.671999862210647,0.0,0.0,0.0,,,,
3465548815,3465548812,0,226832137,footway,False,True,29.06529714163549,0.0,0.0,0.0,,,,
3465548815,3465548814,0,339366994,footway,False,True,14.371099787301226,0.0,0.0,0.0,,,,
3465548831,3465548815,0,226832137,footway,False,True,16.671999862210647,0.0,0.0,0.0,,,,
3465548831,3465548832,0,339366996,footway,False,False,4.343831764965162,0.0,0.0,0.0,,,,
3465548831,3465416750,0,226832137,footway,False,False,35.77447147378184,0.0,0.0,0.0,,,,
3465548831,11584926726,0,"[1246135528, 339366996, 339364960, 1246135527]","['steps', 'footway']",False,"[False, True]",95.19361594427029,-0.11555396746815237,0.11555396746815237,-11.0,,,down,
3465548832,3465548831,0,339366996,footway,False,True,4.343831764965162,0.0,0.0,0.0,,,,
3465548838,3465548809,0,226832137,footway,False,True,18.002848041919258,0.0,0.0,0.0,,,,
3465548838,3465548839,0,339366998,footway,False,False,4.188070158415592,0.0,0.0,0.0,,,,
3465548838,3465548807,0,226832137,footway,False,False,31.345432180534445,0.0,0.0,0.0,,,,
3465548839,3465548838,0,339366998,footway,False,True,4.188070158415592,0.0,0.0,0.0,,,,
3465548840,3465548809,0,339366999,footway,False,True,4.833369001204886,0.0,0.0,0.0,,,,
3465548841,3465548842,0,339367000,footway,False,False,2.3384955030426866,0.0,0.0,0.0,,,,
3465548842,3465548843,0,339367000,footway,False,False,11.822079535835472,-0.5075249224819207,0.5075249224819207,-6.0,,,,
3465548842,3465548841,0,339367000,footway,False,True,2.3384955030426866,0.0,0.0,0.0,,,,
3465548842,13058788589,0,339368851,footway,False,False,44.36696988992695,0.0,0.0,0.0,,,,
3465548843,3465548866,0,339351413,footway,False,False,29.827677048011793,0.20115545673711585,0.20115545673711585,6.0,,,,
3465548843,3465548845,0,339351413,footway,False,True,25.431076988698585,0.0,0.0,0.0,,,,
3465548843,3465548842,0,339367000,footway,False,True,11.822079535835472,0.5075249224819207,0.5075249224819207,6.0,,,,
3465548843,3465548850,0,339367003,footway,False,False,19.20845040903496,0.0,0.0,0.0,,,,
3465548844,3465548845,0,339367001,footway,False,False,9.62281285668182,-0.6235183089769601,0.6235183089769601,-6.0,,,,
3465548845,3465548843,0,339351413,footway,False,False,25.431076988698585,0.0,0.0,0.0,,,,
3465548845,3465548846,0,339367001,footway,False,False,3.3746871209982805,0.0,0.0,0.0,,,,
3465548845,3465548844,0,339367001,footway,False,True,9.62281285668182,0.6235183089769601,0.6235183089769601,6.0,,,,
3465548845,3465416752,0,"[339351411, 339351412, 339351413]","['steps', 'footway']",False,True,25.98328499462444,0.0,0.0,0.0,,,,
3465548846,3465548845,0,339367001,footway,False,True,3.3746871209982805,0.0,0.0,0.0,,,,
3465548847,3465416750,0,339367002,footway,False,True,9.093051082036737,0.0,0.0,0.0,,,,
3465548850,3465548843,0,339367003,footway,False,True,19.20845040903496,0.0,0.0,0.0,,,,
3465548851,3465548866,0,339367012,footway,False,False,6.214845871444874,0.9654302172750545,0.9654302172750545,6.0,,,,
3465548851,11633776771,0,339367012,footway,False,True,26.111098431696913,0.0,0.0,0.0,,,,
3465548851,11633776771,1,"[339367004, 339367005]",footway,False,"[False, True]",58.094261076898114,0.0,0.0,0.0,,,,
3465548855,2355658529,0,217273070,footway,False,True,3.680343559161478,0.0,0.0,0.0,,,,
3465548855,3465548856,0,339367007,path,False,False,11.70253006767616,0.0,0.0,0.0,,,,
3465548855,1901802883,0,"[179741833, 217273070]","['service', 'footway']",False,"[False, True]",107.95437112414659,0.0,0.0,0.0,parking_aisle,,,
3465548856,3465548855,0,339367007,path,False,True,11.70253006767616,0.0,0.0,0.0,,,,
3465548857,3465548860,0,213324896,residential,False,True,59.01386146541023,0.0,0.0,0.0,,,,
3465548857,3465548858,0,339367008,footway,False,False,11.868080898609625,0.0,0.0,0.0,,,,
3465548857,11584926721,0,1246129908,footway,False,False,4.72641736607188,0.0,0.0,0.0,,,,
3465548857,2230475387,0,213324896,residential,False,False,22.73140309467864,0.0,0.0,0.0,,,,
3465548858,3465548861,0,339367008,footway,False,False,56.08513470916768,0.0,0.0,0.0,,,,
3465548858,3465548857,0,339367008,footway,False,True,11.868080898609625,0.0,0.0,0.0,,,,
3465548858,3465548870,0,339367011,steps,False,False,23.625408878844986,0.0,0.0,0.0,,,,
3465548859,3465548861,0,339367008,footway,False,True,53.40084900019524,0.1685366462987713,0.1685366462987713,9.0,,,,
3465548860,3465548857,0,213324896,residential,False,False,59.01386146541023,0.0,0.0,0.0,,,,
3465548860,2230475369,0,213324896,residential,False,True,59.874504372902045,-0.15031439665784044,0.15031439665784044,-9.0,,,,
3465548860,3465548861,0,339367009,steps,False,False,12.375914028899174,0.0,0.0,0.0,,,,
3465548860,2355658531,0,1246109259,footway,False,False,43.09196195406835,0.0,0.0,0.0,,,,
3465548861,3465548859,0,339367008,footway,False,False,53.40084900019524,-0.1685366462987713,0.1685366462987713,-9.0,,,,
3465548861,3465548858,0,339367008,footway,False,True,56.08513470916768,0.0,0.0,0.0,,,,
3465548861,3465548860,0,339367009,steps,False,True,12.375914028899174,0.0,0.0,0.0,,,,
3465548861,3465548875,0,339367010,footway,False,False,97.71715634044487,0.0,0.0,0.0,,,,
3465548863,3465548875,0,339367010,footway,False,True,22.994163493914538,0.0,0.0,0.0,,,,
3465548863,3465548870,0,339367011,steps,False,True,22.272535125613917,0.0,0.0,0.0,,,,
3465548863,3465548865,0,339367012,footway,False,False,30.38263838415377,0.0,0.0,0.0,,,,
3465548863,3465548869,0,339367013,path,False,False,56.56649321238882,0.0,0.0,0.0,,,,
3465548865,3465548869,0,339367012,footway,False,False,46.64159175982886,0.0,0.0,0.0,,,,
3465548865,3465548863,0,339367012,footway,False,True,30.38263838415377,0.0,0.0,0.0,,,,
3465548865,3465548879,0,339367015,footway,False,False,63.0211038039196,0.0,0.0,0.0,,,,
3465548866,3465556056,0,339351413,footway,False,False,19.80402968134644,0.0,0.0,0.0,,,,
3465548866,3465548843,0,339351413,footway,False,True,29.827677048011793,-0.20115545673711585,0.20115545673711585,-6.0,,,,
3465548866,3465548851,0,339367012,footway,False,True,6.214845871444874,-0.9654302172750545,0.9654302172750545,-6.0,,,,
3465548866,13058788589,0,1421046470,path,False,False,39.10355107579463,0.0,0.0,0.0,,,,
3465548869,3465548883,0,339367012,footway,False,False,15.205841203829666,0.0,0.0,0.0,,,,
3465548869,3465548865,0,339367012,footway,False,True,46.64159175982886,0.0,0.0,0.0,,,,
3465548869,3465548863,0,339367013,path,False,True,56.56649321238882,0.0,0.0,0.0,,,,
3465548870,3465548863,0,339367011,steps,False,False,22.272535125613917,0.0,0.0,0.0,,,,
3465548870,3465548858,0,339367011,steps,False,True,23.625408878844986,0.0,0.0,0.0,,,,
3465548870,3465548875,0,339367014,path,False,False,17.21235244057593,0.0,0.0,0.0,,,,
3465548875,3465548863,0,339367010,footway,False,False,22.994163493914538,0.0,0.0,0.0,,,,
3465548875,3465548861,0,339367010,footway,False,True,97.71715634044487,0.0,0.0,0.0,,,,
3465548875,3465548870,0,339367014,path,False,True,17.21235244057593,0.0,0.0,0.0,,,,
3465548878,3465548879,0,339367015,footway,False,True,80.63916741021539,0.08680645181256222,0.08680645181256222,7.0,,,,
3465548878,1841498444,0,179741843,unclassified,False,False,53.08306926151571,-0.03767679653463378,0.03767679653463378,-2.0,,,,
3465548878,13713066418,0,179741843,unclassified,False,True,93.08839194031394,0.13965221365447253,0.13965221365447253,13.0,,,,
3465548879,3465548878,0,339367015,footway,False,False,80.63916741021539,-0.08680645181256222,0.08680645181256222,-7.0,,,,
3465548879,3465548886,0,339367016,footway,False,False,32.71143791248318,0.18342208055948253,0.18342208055948253,6.0,,,,
3465548879,3465548865,0,339367015,footway,False,True,63.0211038039196,0.0,0.0,0.0,,,,
3465548882,13713029131,0,179741843,unclassified,False,True,10.063826351742193,0.0,0.0,0.0,,,,
3465548882,13713066418,0,179741843,unclassified,False,False,35.48975567166404,0.0,0.0,0.0,,,,
3465548882,3465548886,0,339367016,footway,False,True,60.50577946828659,0.0,0.0,0.0,,,,
3465548883,11633776771,0,339367012,footway,False,False,23.332633106445318,0.0,0.0,0.0,,,,
3465548883,3465548869,0,339367012,footway,False,True,15.205841203829666,0.0,0.0,0.0,,,,
3465548883,11633776769,0,339367017,footway,False,False,27.372006017445525,0.0,0.0,0.0,,,,
3465548884,3465548889,0,339367017,footway,False,True,15.964033358673932,-0.3758448673461301,0.3758448673461301,-6.0,,,,
3465548884,3465556078,0,339367019,footway,False,False,65.70034277155075,0.0,0.0,0.0,,,,
3465548884,11584926722,0,339367019,footway,False,True,5.381687214399064,0.0,0.0,0.0,,,,
3465548885,3465416756,0,339351413,footway,False,False,28.008351980067,0.0,0.0,0.0,,,,
3465548885,3465556056,0,339351413,footway,False,True,10.841614148128041,0.0,0.0,0.0,,,,
3465548885,11633776770,0,339367018,footway,False,False,49.25720421277724,-0.12180959305123554,0.12180959305123554,-6.0,,,,
3465548886,3465548879,0,339367016,footway,False,True,32.71143791248318,-0.18342208055948253,0.18342208055948253,-6.0,,,,
3465548886,11633776770,0,339367018,footway,False,True,123.13779202414482,-0.04872590210829444,0.04872590210829444,-6.0,,,,
3465548886,3465548882,0,339367016,footway,False,False,60.50577946828659,0.0,0.0,0.0,,,,
3465548889,3465548884,0,339367017,footway,False,False,15.964033358673932,0.3758448673461301,0.3758448673461301,6.0,,,,
3465548889,11633776770,0,339367017,footway,False,True,16.19755826327159,0.0,0.0,0.0,,,,
3465548889,13713029132,0,"[1497261320, 339367020]","['service', 'footway']",False,False,141.4115042149793,0.042429362683806586,0.042429362683806586,6.0,parking_aisle,,,
3465548903,3465556078,0,339368862,footway,False,True,17.0212344157001,0.0,0.0,0.0,,,,
3465548920,13713029131,0,179741843,unclassified,False,False,8.67289000376748,0.0,0.0,0.0,,,,
3465548920,13713029130,0,1246109262,footway,False,False,23.967557038674393,0.0,0.0,0.0,,,,
3465548920,3465616487,0,179741843,unclassified,False,True,32.18630993888809,0.0,0.0,0.0,,,,
3465556040,3465561404,0,179741843,unclassified,False,False,21.805603319006337,0.2751586329542298,0.2751586329542298,6.0,,,,
3465556040,3465616394,0,339368846,footway,False,False,35.26103275441474,0.0,0.0,0.0,,,,
3465556040,3465556072,0,179741843,unclassified,False,True,31.749756993293243,0.0,0.0,0.0,,,,
3465556043,3465556072,0,179741843,unclassified,False,False,14.037446062720127,0.0,0.0,0.0,,,,
3465556043,3465556051,0,179741843,unclassified,False,True,10.34978397384991,0.0,0.0,0.0,,,,
3465556043,3465614091,0,339368846,footway,False,True,45.66371142972679,0.0,0.0,0.0,,,,
3465556044,3465616397,0,339368846,footway,False,False,33.86570167347453,0.11811360173685752,0.11811360173685752,4.0,,,,
3465556044,3465614086,0,339368846,footway,False,True,46.690404920276706,0.0,0.0,0.0,,,,
3465556044,3465616395,0,339368847,footway,False,False,29.96025075063356,0.0,0.0,0.0,,,,
3465556045,3465614088,0,339368846,footway,False,False,51.749433702251764,0.0,0.0,0.0,,,,
3465556045,3465616394,0,339368846,footway,False,True,42.61147955271761,0.0938714177960266,0.0938714177960266,4.0,,,,
3465556045,3465614090,0,339368847,footway,False,True,10.952206579770984,0.0,0.0,0.0,,,,
3465556045,2230475467,0,"[339374528, 213324867]","['steps', 'track']",False,True,532.7955552181843,0.050676098431307805,0.050676098431307805,27.0,,,,
3465556046,3465614091,0,339368846,footway,False,False,4.017152642438145,0.0,0.0,0.0,,,,
3465556046,3465616397,0,339368846,footway,False,True,6.645950382653199,0.0,0.0,0.0,,,,
3465556046,3465556047,0,339368848,footway,False,False,84.78259576682754,0.0,0.0,0.0,,,,
3465556047,3465585317,0,179741843,unclassified,False,True,24.609477882267974,0.0,0.0,0.0,,,,
3465556047,3465556046,0,339368848,footway,False,True,84.78259576682754,0.0,0.0,0.0,,,,
3465556047,3465556051,0,179741843,unclassified,False,False,46.124308158909,0.0,0.0,0.0,,,,
3465556048,1841498523,0,339368849,path,False,True,13.64297663899005,0.0,0.0,0.0,,,,
3465556048,3465585317,0,339370481,footway,False,False,10.486900305383388,0.0,0.0,0.0,,,,
3465556048,3465556050,0,339368849,path,False,False,65.64814823199991,0.0,0.0,0.0,,,,
3465556048,3465585315,0,"[339370480, 339370481]","['steps', 'footway']",False,True,76.39811383684349,0.0,0.0,0.0,,,,
3465556050,3465556051,0,339368850,footway,False,True,21.342227389728397,0.0,0.0,0.0,,,,
3465556050,3465556070,0,339368857,footway,False,False,18.262475382928432,0.0,0.0,0.0,,,,
3465556050,3465556048,0,339368849,path,False,True,65.64814823199991,0.0,0.0,0.0,,,,
3465556050,3465556055,0,339368850,footway,False,False,56.795934985642994,0.0,0.0,0.0,,,,
3465556051,3465556043,0,179741843,unclassified,False,False,10.34978397384991,0.0,0.0,0.0,,,,
3465556051,3465556050,0,339368850,footway,False,False,21.342227389728397,0.0,0.0,0.0,,,,
3465556051,3465556047,0,179741843,unclassified,False,True,46.124308158909,0.0,0.0,0.0,,,,
3465556055,3465585315,0,339368851,footway,False,True,32.78245442433443,0.0,0.0,0.0,,,,
3465556055,3465556057,0,"[339368850, 339368853, 339368854]","['steps', 'footway']",False,False,40.20628426818104,0.14923040288874337,0.14923040288874337,6.0,,,,
3465556055,3465556050,0,339368850,footway,False,True,56.795934985642994,0.0,0.0,0.0,,,,
3465556056,3465548885,0,339351413,footway,False,False,10.841614148128041,0.0,0.0,0.0,,,,
3465556056,3465548866,0,339351413,footway,False,True,19.80402968134644,0.0,0.0,0.0,,,,
3465556056,3465585313,0,663024576,footway,False,False,41.85469589370684,0.0,0.0,0.0,,,,
3465556057,3465556061,0,663024576,footway,False,False,26.958694788898843,0.0,0.0,0.0,,,,
3465556057,3465585313,0,663024576,footway,False,True,32.06453280919674,-0.18712263907612842,0.18712263907612842,-6.0,,,,
3465556057,3465556055,0,"[339368850, 339368853, 339368854]","['steps', 'footway']",False,True,40.20628426818104,-0.14923040288874337,0.14923040288874337,-6.0,,,,
3465556057,3465556066,0,339368855,footway,False,False,51.027584046039195,0.0,0.0,0.0,,,,
3465556058,3465585338,0,339368852,footway,False,False,42.356039768710396,0.0,0.0,0.0,,,,
3465556058,3465585340,0,663024576,footway,False,True,34.94664816176113,0.0,0.0,0.0,,,,
3465556058,3465585328,0,"[339368864, 339368865, 339368863]","['steps', 'footway']",False,False,39.16882516718938,0.0,0.0,0.0,,,,
3465556058,11584950719,0,"[339368872, 339368873]","['steps', 'footway']",False,False,30.704006588955444,0.0,0.0,0.0,,,,
3465556059,3465561408,0,339368852,footway,False,False,2.9884655106447595,0.0,0.0,0.0,,,,
3465556059,3465585338,0,339368852,footway,False,True,11.350023800615588,0.0,0.0,0.0,,,,
3465556059,3465594465,0,339368871,steps,False,True,3.4188375002170344,0.0,0.0,0.0,,,,
3465556060,3465556066,0,339368852,footway,False,False,11.074694904576196,0.0,0.0,0.0,,,,
3465556060,3465585336,0,339368852,footway,False,True,6.488715575782901,0.0,0.0,0.0,,,,
3465556060,3465556067,0,339368856,footway,False,False,5.53517841379018,0.0,0.0,0.0,,,,
3465556061,3503433973,0,339368852,footway,False,False,52.83746773773145,0.0,0.0,0.0,,,,
3465556061,3465556066,0,339368852,footway,False,True,42.07748893981232,0.0,0.0,0.0,,,,
3465556061,3465585340,0,663024576,footway,False,False,7.313742596178424,0.0,0.0,0.0,,,,
3465556061,3465556057,0,663024576,footway,False,True,26.958694788898843,0.0,0.0,0.0,,,,
3465556062,3503433974,0,339368852,footway,False,False,5.297604850136009,0.0,0.0,0.0,,,,
3465556062,3503433973,0,339368852,footway,False,True,3.5259647804013894,0.0,0.0,0.0,,,,
3465556062,3465561424,0,339370489,path,False,True,14.510629227074073,0.0,0.0,0.0,,,,
3465556062,3465561423,0,339368861,footway,False,False,13.951426629732403,0.0,0.0,0.0,,,,
3465556062,3465556076,0,339368861,footway,False,True,18.55728532866128,-0.32332315280690027,0.32332315280690027,-6.0,,,,
3465556066,3465556061,0,339368852,footway,False,False,42.07748893981232,0.0,0.0,0.0,,,,
3465556066,3465556060,0,339368852,footway,False,True,11.074694904576196,0.0,0.0,0.0,,,,
3465556066,3465556057,0,339368855,footway,False,True,51.027584046039195,0.0,0.0,0.0,,,,
3465556067,3465556060,0,339368856,footway,False,True,5.53517841379018,0.0,0.0,0.0,,,,
3465556067,3465594481,0,339372970,footway,False,False,4.168151626795539,0.0,0.0,0.0,,,,
3465556067,3465556070,0,"[339368858, 339368859]","['steps', 'footway']",False,False,52.70576277633384,-0.1138395439880465,0.1138395439880465,-6.0,,,,
3465556070,3465556050,0,339368857,footway,False,True,18.262475382928432,0.0,0.0,0.0,,,,
3465556070,3465561402,0,339368858,footway,False,False,14.717089449226535,0.0,0.0,0.0,,,,
3465556070,3465556067,0,"[339368858, 339368859]","['steps', 'footway']",False,True,52.70576277633385,0.11383954398804648,0.11383954398804648,6.0,,,,
3465556072,3465556043,0,179741843,unclassified,False,True,14.037446062720127,0.0,0.0,0.0,,,,
3465556072,3465561402,0,339368858,footway,False,True,16.335151086252043,0.0,0.0,0.0,,,,
3465556072,3465556040,0,179741843,unclassified,False,False,31.749756993293243,0.0,0.0,0.0,,,,
3465556074,3503433975,0,339368860,footway,False,False,18.62723565782853,0.0,0.0,0.0,,,,
3465556074,3465416784,0,339368860,footway,False,True,22.282246757795058,0.0,0.0,0.0,,,,
3465556074,3465556076,0,339368861,footway,False,False,13.580147575096607,0.0,0.0,0.0,,,,
3465556074,11584926722,0,1246129911,footway,False,True,33.10991309868427,0.0,0.0,0.0,,,,
3465556076,3503433981,0,343508558,path,False,True,3.5358436487058253,0.0,0.0,0.0,,,,
3465556076,3465556062,0,339368861,footway,False,False,18.55728532866128,0.32332315280690027,0.32332315280690027,6.0,,,,
3465556076,3465556074,0,339368861,footway,False,True,13.580147575096607,0.0,0.0,0.0,,,,
3465556078,3465548884,0,339367019,footway,False,True,65.70034277155075,0.0,0.0,0.0,,,,
3465556078,13713029130,0,"[339367019, 1246109262]",footway,False,"[False, True]",32.750169536177346,0.0,0.0,0.0,,,,
3465556078,3465548903,0,339368862,footway,False,False,17.0212344157001,0.0,0.0,0.0,,,,
3465556081,3465561426,0,339368865,footway,False,True,11.599797134975121,0.0,0.0,0.0,,,,
3465556081,3465556086,0,339368882,footway,False,False,27.961892808643604,0.0,0.0,0.0,,,,
3465556081,3465561423,0,"[339368881, 339368861]","['steps', 'footway']",False,True,30.76219910409675,0.0,0.0,0.0,,,,
3465556081,3465561412,0,339368883,footway,False,False,37.40630062280539,-0.16040078543190656,0.16040078543190656,-6.0,,,,
3465556085,3465556087,0,339368866,footway,False,False,4.130992108453138,0.0,0.0,0.0,,,,
3465556086,3465561428,0,339368866,footway,False,True,5.287912280693176,0.0,0.0,0.0,,,,
3465556086,3465556089,0,339368882,footway,False,False,18.26553980689199,0.0,0.0,0.0,,,,
3465556086,3465556081,0,339368882,footway,False,True,27.961892808643604,0.0,0.0,0.0,,,,
3465556087,3465561428,0,339368866,footway,False,False,14.334650068943128,0.0,0.0,0.0,,,,
3465556087,3465556085,0,339368866,footway,False,True,4.130992108453138,0.0,0.0,0.0,,,,
3465556087,3465556090,0,339368867,footway,False,False,12.84289605854356,0.0,0.0,0.0,,,,
3465556087,3465561426,0,339368886,path,False,True,28.790807415648686,0.0,0.0,0.0,,,,
3465556088,13058788592,0,179741843,unclassified,False,False,3.7486701863327285,0.0,0.0,0.0,,,,
3465556088,13058788590,0,179741843,unclassified,False,True,6.490643809397894,0.0,0.0,0.0,,,,
3465556088,3465561397,0,339368867,footway,False,True,14.34303904232291,-0.836642775955001,0.836642775955001,-12.0,,,,
3465556089,3465556090,0,339368868,footway,False,False,24.083505806580664,0.0,0.0,0.0,,,,
3465556089,1841498494,0,339368882,footway,False,False,38.16420956619148,0.0,0.0,0.0,,,,
3465556089,3465556086,0,339368882,footway,False,True,18.26553980689199,0.0,0.0,0.0,,,,
3465556090,3465594459,0,339368867,footway,False,False,30.707961149352197,0.0,0.0,0.0,,,,
3465556090,3465556087,0,339368867,footway,False,True,12.84289605854356,0.0,0.0,0.0,,,,
3465556090,3465594457,0,339368868,footway,False,False,9.049833003018723,0.0,0.0,0.0,,,,
3465556090,3465556089,0,339368868,footway,False,True,24.083505806580664,0.0,0.0,0.0,,,,
3465556090,3465561428,0,339368887,path,False,True,19.11694210153113,0.0,0.0,0.0,,,,
3465556091,3465556092,0,339368868,footway,False,False,42.13812497772437,0.0,0.0,0.0,,,,
3465556091,3465585320,0,339368868,footway,False,True,32.040865089969714,0.0,0.0,0.0,,,,
3465556091,3465585318,0,339368873,footway,False,False,26.81768490281942,0.0,0.0,0.0,,,,
3465556091,11584950719,0,339368873,footway,False,True,10.73874897369172,0.0,0.0,0.0,,,,
3465556092,3465556091,0,339368868,footway,False,True,42.13812497772437,0.0,0.0,0.0,,,,
3465556092,3465561393,0,339368869,steps,False,False,10.374849638575965,0.0,0.0,0.0,,,,
3465556092,3465594462,0,339372963,footway,False,True,4.130310901180326,0.0,0.0,0.0,,,,
3465561393,3465556092,0,339368869,steps,False,True,10.374849638575965,0.0,0.0,0.0,,,,
3465561393,3465594463,0,339368870,footway,False,False,7.231877673941233,0.0,0.0,0.0,,,,
3465561393,3465561403,0,339368877,footway,False,True,48.24622644652852,0.0,0.0,0.0,,,,
3465561393,3465594460,0,"[339368875, 339368876]","['steps', 'footway']",False,False,36.1265972807592,0.0,0.0,0.0,,,,
3465561396,11584950720,0,339368873,footway,False,True,23.65073857908006,0.0,0.0,0.0,,,,
3465561396,13058788590,0,179741843,unclassified,False,False,47.542712879354916,0.2524046120475156,0.2524046120475156,12.0,,,,
3465561396,13713098716,0,179741843,unclassified,False,True,36.920915633558806,0.0,0.0,0.0,,,,
3465561397,3465556088,0,339368867,footway,False,False,14.34303904232291,0.836642775955001,0.836642775955001,12.0,,,,
3465561397,3465594459,0,339368867,footway,False,True,12.636550731098934,0.0,0.0,0.0,,,,
3465561397,11584950720,0,339368874,footway,False,False,51.92173578851401,0.0,0.0,0.0,,,,
3465561398,3465561399,0,339368874,footway,False,False,9.26391600174701,0.0,0.0,0.0,,,,
3465561398,11584950720,0,339368874,footway,False,True,52.81667861960326,0.0,0.0,0.0,,,,
3465561398,3465594460,0,339368876,footway,False,True,6.482706376858083,0.0,0.0,0.0,,,,
3465561399,3465561398,0,339368874,footway,False,True,9.26391600174701,0.0,0.0,0.0,,,,
3465561399,13713098716,0,179741843,unclassified,False,False,24.27079166786409,0.0,0.0,0.0,,,,
3465561399,3465561401,0,179741843,unclassified,False,True,72.05443399624171,0.0,0.0,0.0,,,,
3465561401,3465561403,0,339368877,footway,False,False,8.62106606027431,0.0,0.0,0.0,,,,
3465561401,3465561399,0,179741843,unclassified,False,False,72.05443399624171,0.0,0.0,0.0,,,,
3465561401,13713098739,0,179741843,unclassified,False,True,33.31750649585977,0.0,0.0,0.0,,,,
3465561402,3465556072,0,339368858,footway,False,False,16.335151086252043,0.0,0.0,0.0,,,,
3465561402,3465556070,0,339368858,footway,False,True,14.717089449226535,0.0,0.0,0.0,,,,
3465561402,11633776773,0,339368878,footway,False,False,53.34452311411695,0.1124764015073213,0.1124764015073213,6.0,,,,
3465561403,3465561393,0,339368877,footway,False,False,48.24622644652852,0.0,0.0,0.0,,,,
3465561403,3465561401,0,339368877,footway,False,True,8.62106606027431,0.0,0.0,0.0,,,,
3465561403,11633776773,0,339368878,footway,False,True,61.0024518388493,0.0,0.0,0.0,,,,
3465561404,3465556040,0,179741843,unclassified,False,True,21.805603319006337,-0.2751586329542298,0.2751586329542298,-6.0,,,,
3465561404,11633776773,0,339368879,footway,False,False,24.81476162098762,0.0,0.0,0.0,,,,
3465561404,13713098739,0,179741843,unclassified,False,False,31.034472569228,0.0,0.0,0.0,,,,
3465561405,3465585336,0,339368852,footway,False,False,15.371932941373023,0.0,0.0,0.0,,,,
3465561405,3465561408,0,339368852,footway,False,True,17.11636330593143,0.0,0.0,0.0,,,,
3465561405,3465561406,0,339368879,footway,False,True,28.553411204301256,0.0,0.0,0.0,,,,
3465561406,3465561405,0,339368879,footway,False,False,28.553411204301256,0.0,0.0,0.0,,,,
3465561406,3465594488,0,339368879,footway,False,True,9.573148959849927,0.0,0.0,0.0,,,,
3465561406,3465561408,0,339368880,path,False,False,33.178776867805745,0.0,0.0,0.0,,,,
3465561408,3465561405,0,339368852,footway,False,False,17.11636330593143,0.0,0.0,0.0,,,,
3465561408,3465556059,0,339368852,footway,False,True,2.9884655106447595,0.0,0.0,0.0,,,,
3465561408,3465561406,0,339368880,path,False,True,33.178776867805745,0.0,0.0,0.0,,,,
3465561412,3465561413,0,339368883,footway,False,False,3.0510132329816115,0.0,0.0,0.0,,,,
3465561412,3465616486,0,1246109235,footway,False,False,34.60917752930092,0.0,0.0,0.0,,,,
3465561412,3465556081,0,339368883,footway,False,True,37.40630062280539,0.16040078543190656,0.16040078543190656,6.0,,,,
3465561413,3465561412,0,339368883,footway,False,True,3.0510132329816115,0.0,0.0,0.0,,,,
3465561422,3465561424,0,339368885,footway,False,False,4.630327596755117,0.0,0.0,0.0,,,,
3465561423,3465561424,0,339368885,footway,False,True,7.793011265259961,0.0,0.0,0.0,,,,
3465561423,3465556081,0,"[339368881, 339368861]","['steps', 'footway']",False,False,30.76219910409675,0.0,0.0,0.0,,,,
3465561423,3465556062,0,339368861,footway,False,True,13.951426629732403,0.0,0.0,0.0,,,,
3465561424,3465561423,0,339368885,footway,False,False,7.793011265259961,0.0,0.0,0.0,,,,
3465561424,3465561422,0,339368885,footway,False,True,4.630327596755117,0.0,0.0,0.0,,,,
3465561424,3465556062,0,339370489,path,False,False,14.510629227074073,0.0,0.0,0.0,,,,
3465561424,3465561426,0,339368886,path,False,False,30.313687352916546,0.0,0.0,0.0,,,,
3465561426,3465556081,0,339368865,footway,False,False,11.599797134975121,0.0,0.0,0.0,,,,
3465561426,3465585328,0,339368865,footway,False,True,12.032628995612898,0.0,0.0,0.0,,,,
3465561426,3465556087,0,339368886,path,False,False,28.790807415648686,0.0,0.0,0.0,,,,
3465561426,3465561424,0,339368886,path,False,True,30.313687352916546,0.0,0.0,0.0,,,,
3465561428,3465556086,0,339368866,footway,False,False,5.287912280693176,0.0,0.0,0.0,,,,
3465561428,3465556087,0,339368866,footway,False,True,14.334650068943128,0.0,0.0,0.0,,,,
3465561428,3465556090,0,339368887,path,False,False,19.11694210153113,0.0,0.0,0.0,,,,
3465585313,3503438411,0,343508865,footway,False,False,18.774434006841563,0.0,0.0,0.0,,,,
3465585313,3465556057,0,663024576,footway,False,False,32.06453280919674,0.18712263907612842,0.18712263907612842,6.0,,,,
3465585313,3465556056,0,663024576,footway,False,True,41.85469589370684,0.0,0.0,0.0,,,,
3465585313,3465585315,0,"[339370478, 339370479]","['steps', 'footway']",False,False,41.8139998094839,0.0,0.0,0.0,,,,
3465585315,3465556055,0,339368851,footway,False,False,32.78245442433443,0.0,0.0,0.0,,,,
3465585315,13058788589,0,339368851,footway,False,True,25.003947972736356,0.0,0.0,0.0,,,,
3465585315,3465585313,0,"[339370478, 339370479]","['steps', 'footway']",False,True,41.8139998094839,0.0,0.0,0.0,,,,
3465585315,3465556048,0,"[339370480, 339370481]","['steps', 'footway']",False,False,76.39811383684349,0.0,0.0,0.0,,,,
3465585317,3465556047,0,179741843,unclassified,False,False,24.609477882267974,0.0,0.0,0.0,,,,
3465585317,1841498523,0,179741843,unclassified,False,True,7.036384017261821,0.0,0.0,0.0,,,,
3465585317,3465556048,0,339370481,footway,False,True,10.486900305383388,0.0,0.0,0.0,,,,
3465585317,3465594434,0,339372955,footway,False,True,34.979346704027755,0.0,0.0,0.0,,,,
3465585318,3465594454,0,339368873,footway,False,False,5.403758195916322,0.0,0.0,0.0,,,,
3465585318,3465556091,0,339368873,footway,False,True,26.81768490281942,0.0,0.0,0.0,,,,
3465585318,3465585320,0,339370482,path,False,False,42.38696118726814,0.0,0.0,0.0,,,,
3465585320,3465556091,0,339368868,footway,False,False,32.040865089969714,0.0,0.0,0.0,,,,
3465585320,3465594457,0,339368868,footway,False,True,9.372315615879437,0.0,0.0,0.0,,,,
3465585320,3465585318,0,339370482,path,False,True,42.38696118726814,0.0,0.0,0.0,,,,
3465585327,3465585328,0,339370484,footway,False,False,6.080835093531922,0.0,0.0,0.0,,,,
3465585328,3465561426,0,339368865,footway,False,False,12.032628995612898,0.0,0.0,0.0,,,,
3465585328,3465585327,0,339370484,footway,False,True,6.080835093531922,0.0,0.0,0.0,,,,
3465585328,3465594469,0,339372967,footway,False,False,5.6794742304285055,0.0,0.0,0.0,,,,
3465585328,3465556058,0,"[339368864, 339368865, 339368863]","['steps', 'footway']",False,True,39.16882516718939,0.0,0.0,0.0,,,,
3465585335,3465585336,0,339370486,footway,False,False,2.135341416873294,0.0,0.0,0.0,,,,
3465585336,3465556060,0,339368852,footway,False,False,6.488715575782901,0.0,0.0,0.0,,,,
3465585336,3465561405,0,339368852,footway,False,True,15.371932941373023,0.0,0.0,0.0,,,,
3465585336,3465585335,0,339370486,footway,False,True,2.135341416873294,0.0,0.0,0.0,,,,
3465585337,3465585338,0,339370487,footway,False,False,6.098476061012646,0.0,0.0,0.0,,,,
3465585338,3465556059,0,339368852,footway,False,False,11.350023800615588,0.0,0.0,0.0,,,,
3465585338,3465556058,0,339368852,footway,False,True,42.356039768710396,0.0,0.0,0.0,,,,
3465585338,3465585337,0,339370487,footway,False,True,6.098476061012646,0.0,0.0,0.0,,,,
3465585339,3465585340,0,339370488,footway,False,False,6.336347655185353,0.0,0.0,0.0,,,,
3465585340,3465585341,0,339370488,footway,False,False,1.4651776985370486,0.0,0.0,0.0,,,,
3465585340,3465585339,0,339370488,footway,False,True,6.336347655185353,0.0,0.0,0.0,,,,
3465585340,3465556058,0,663024576,footway,False,False,34.94664816176113,0.0,0.0,0.0,,,,
3465585340,3465556061,0,663024576,footway,False,True,7.313742596178424,0.0,0.0,0.0,,,,
3465585341,3465585340,0,339370488,footway,False,True,1.4651776985370486,0.0,0.0,0.0,,,,
3465594434,3465585317,0,339372955,footway,False,False,34.979346704027755,0.0,0.0,0.0,,,,
3465594453,3465594454,0,339372959,footway,False,False,5.621195427793901,0.0,0.0,0.0,,,,
3465594454,11584950720,0,339368873,footway,False,False,9.779257293047621,0.0,0.0,0.0,,,,
3465594454,3465585318,0,339368873,footway,False,True,5.403758195916322,0.0,0.0,0.0,,,,
3465594454,3465594455,0,339372959,footway,False,False,3.0459695822525985,0.0,0.0,0.0,,,,
3465594454,3465594453,0,339372959,footway,False,True,5.621195427793901,0.0,0.0,0.0,,,,
3465594455,3465594454,0,339372959,footway,False,True,3.0459695822525985,0.0,0.0,0.0,,,,
3465594456,3465594457,0,339372960,footway,False,False,7.682518206155735,0.0,0.0,0.0,,,,
3465594457,3465585320,0,339368868,footway,False,False,9.372315615879437,0.0,0.0,0.0,,,,
3465594457,3465556090,0,339368868,footway,False,True,9.049833003018723,0.0,0.0,0.0,,,,
3465594457,3465594456,0,339372960,footway,False,True,7.682518206155735,0.0,0.0,0.0,,,,
3465594458,3465594459,0,339372961,footway,False,False,5.195450102419919,0.0,0.0,0.0,,,,
3465594459,3465561397,0,339368867,footway,False,False,12.636550731098934,0.0,0.0,0.0,,,,
3465594459,3465556090,0,339368867,footway,False,True,30.707961149352197,0.0,0.0,0.0,,,,
3465594459,3465594458,0,339372961,footway,False,True,5.195450102419919,0.0,0.0,0.0,,,,
3465594460,3465561398,0,339368876,footway,False,False,6.482706376858083,0.0,0.0,0.0,,,,
3465594460,3465594461,0,339372962,footway,False,False,3.2055084467653305,0.0,0.0,0.0,,,,
3465594460,3465561393,0,"[339368875, 339368876]","['steps', 'footway']",False,True,36.1265972807592,0.0,0.0,0.0,,,,
3465594461,3465594460,0,339372962,footway,False,True,3.2055084467653305,0.0,0.0,0.0,,,,
3465594462,3465556092,0,339372963,footway,False,False,4.130310901180326,0.0,0.0,0.0,,,,
3465594463,3465594491,0,339368870,footway,False,False,9.43865022025226,0.0,0.0,0.0,,,,
3465594463,3465561393,0,339368870,footway,False,True,7.231877673941233,0.0,0.0,0.0,,,,
3465594463,3465594464,0,339372964,footway,False,False,1.6559332762700045,0.0,0.0,0.0,,,,
3465594464,3465594463,0,339372964,footway,False,True,1.6559332762700045,0.0,0.0,0.0,,,,
3465594465,3465556059,0,339368871,steps,False,False,3.4188375002170344,0.0,0.0,0.0,,,,
3465594465,3465594466,0,339372965,footway,False,False,1.4522596682032598,0.0,0.0,0.0,,,,
3465594465,3465594491,0,"[339368870, 339368871]","['steps', 'footway']",False,True,20.62507606436269,0.0,0.0,0.0,,,,
3465594466,3465594465,0,339372965,footway,False,True,1.4522596682032598,0.0,0.0,0.0,,,,
3465594467,11584950719,0,339372966,footway,False,False,4.376208836622511,0.0,0.0,0.0,,,,
3465594468,11584950719,0,339372966,footway,False,True,2.3227031271433995,0.0,0.0,0.0,,,,
3465594469,3465585328,0,339372967,footway,False,True,5.6794742304285055,0.0,0.0,0.0,,,,
3465594481,3465556067,0,339372970,footway,False,True,4.168151626795539,0.0,0.0,0.0,,,,
3465594488,3465561406,0,339368879,footway,False,False,9.573148959849927,0.0,0.0,0.0,,,,
3465594488,11633776773,0,339368879,footway,False,True,9.736756700085783,0.0,0.0,0.0,,,,
3465594488,3465594489,0,339372972,footway,False,False,3.3129015985611936,0.0,0.0,0.0,,,,
3465594489,3465594488,0,339372972,footway,False,True,3.3129015985611936,0.0,0.0,0.0,,,,
3465594490,3465594491,0,339372973,footway,False,False,8.79196741324657,0.0,0.0,0.0,,,,
3465594491,3465594463,0,339368870,footway,False,True,9.43865022025226,0.0,0.0,0.0,,,,
3465594491,3465594490,0,339372973,footway,False,True,8.79196741324657,0.0,0.0,0.0,,,,
3465594491,3465594465,0,"[339368870, 339368871]","['steps', 'footway']",False,False,20.62507606436269,0.0,0.0,0.0,,,,
3465614085,3465614086,0,339374521,footway,False,False,3.4125804421159094,0.0,0.0,0.0,,,,
3465614086,3465556044,0,339368846,footway,False,False,46.690404920276706,0.0,0.0,0.0,,,,
3465614086,3465614085,0,339374521,footway,False,True,3.4125804421159094,0.0,0.0,0.0,,,,
3465614086,3465614088,0,339368846,footway,False,True,65.37731766464529,0.0,0.0,0.0,,,,
3465614087,3465614088,0,339374522,footway,False,False,3.3887210163473034,0.0,0.0,0.0,,,,
3465614088,3465556045,0,339368846,footway,False,True,51.749433702251764,0.0,0.0,0.0,,,,
3465614088,3465614087,0,339374522,footway,False,True,3.3887210163473034,0.0,0.0,0.0,,,,
3465614088,3465614086,0,339368846,footway,False,False,65.37731766464528,0.0,0.0,0.0,,,,
3465614089,3465614090,0,339374523,footway,False,False,6.583135589292075,0.0,0.0,0.0,,,,
3465614090,3465616395,0,339368847,footway,False,True,5.44211859496498,0.0,0.0,0.0,,,,
3465614090,3465614089,0,339374523,footway,False,True,6.583135589292075,0.0,0.0,0.0,,,,
3465614090,3465556045,0,339368847,footway,False,False,10.952206579770984,0.0,0.0,0.0,,,,
3465614091,3465556043,0,339368846,footway,False,False,45.66371142972679,0.0,0.0,0.0,,,,
3465614091,3465556046,0,339368846,footway,False,True,4.017152642438145,0.0,0.0,0.0,,,,
3465614091,3465614092,0,339374524,footway,False,False,3.121989138872756,0.0,0.0,0.0,,,,
3465614092,3465614091,0,339374524,footway,False,True,3.121989138872756,0.0,0.0,0.0,,,,
3465616393,3465616394,0,339374525,footway,False,False,3.5466074790053814,0.0,0.0,0.0,,,,
3465616394,3465556045,0,339368846,footway,False,False,42.61147955271761,-0.0938714177960266,0.0938714177960266,-4.0,,,,
3465616394,3465556040,0,339368846,footway,False,True,35.26103275441474,0.0,0.0,0.0,,,,
3465616394,3465616393,0,339374525,footway,False,True,3.5466074790053814,0.0,0.0,0.0,,,,
3465616395,3465614090,0,339368847,footway,False,False,5.44211859496498,0.0,0.0,0.0,,,,
3465616395,3465556044,0,339368847,footway,False,True,29.96025075063356,0.0,0.0,0.0,,,,
3465616395,3465616397,0,339374526,path,False,False,43.58152356704916,0.09178201385837494,0.09178201385837494,4.0,,,,
3465616397,3465556046,0,339368846,footway,False,False,6.645950382653199,0.0,0.0,0.0,,,,
3465616397,3465556044,0,339368846,footway,False,True,33.86570167347453,-0.11811360173685752,0.11811360173685752,-4.0,,,,
3465616397,3465616395,0,339374526,path,False,True,43.58152356704916,-0.09178201385837494,0.09178201385837494,-4.0,,,,
3465616479,3465616480,0,339374540,footway,False,True,31.181955253644546,0.0,0.0,0.0,,,,
3465616480,3465616479,0,339374540,footway,False,False,31.181955253644546,0.0,0.0,0.0,,,,
3465616480,1841498491,0,339374540,footway,False,True,23.155115017022432,-0.17274800825041936,0.17274800825041936,-4.0,,,,
3465616480,3465616492,0,339374541,footway,False,False,20.683327943384032,-0.19339247586022434,0.19339247586022434,-4.0,,,,
3465616482,3465616491,0,339374541,footway,False,False,52.76103816614391,0.0,0.0,0.0,,,,
3465616482,3465616486,0,339374542,steps,False,False,14.535214631077897,0.0,0.0,0.0,,,,
3465616482,3465616492,0,339374541,footway,False,True,23.99499089558912,0.0,0.0,0.0,,,,
3465616482,3465616488,0,339374541,footway,False,True,87.176714521104,0.0,0.0,0.0,,,,
3465616483,3465616491,0,339374541,footway,False,True,20.634836200174835,0.0,0.0,0.0,,,,
3465616483,3465616487,0,339374543,steps,False,False,13.191639816597055,0.0,0.0,0.0,,,,
3465616483,3465616488,0,339374541,footway,False,False,106.11562863990078,0.0,0.0,0.0,,,,
3465616486,3465616482,0,339374542,steps,False,True,14.535214631077897,0.0,0.0,0.0,,,,
3465616486,3465561412,0,1246109235,footway,False,True,34.60917752930092,0.0,0.0,0.0,,,,
3465616486,13713023738,0,179741843,unclassified,False,False,48.37098819446646,0.0,0.0,0.0,,,,
3465616486,13713095648,0,179741843,unclassified,False,True,17.448066628274773,0.0,0.0,0.0,,,,
3465616487,3465616483,0,339374543,steps,False,True,13.191639816597055,0.0,0.0,0.0,,,,
3465616487,3465548920,0,179741843,unclassified,False,False,32.18630993888809,0.0,0.0,0.0,,,,
3465616487,11584708539,0,179741843,unclassified,False,True,24.85257986799473,0.0,0.0,0.0,,,,
3465616488,3465616482,0,339374541,footway,False,False,87.176714521104,0.0,0.0,0.0,,,,
3465616488,3465616483,0,339374541,footway,False,True,106.11562863990078,0.0,0.0,0.0,,,,
3465616488,3465616491,0,339374544,footway,False,False,72.34718274710845,0.0,0.0,0.0,,,,
3465616491,3465616483,0,339374541,footway,False,False,20.634836200174835,0.0,0.0,0.0,,,,
3465616491,3465616482,0,339374541,footway,False,True,52.76103816614391,0.0,0.0,0.0,,,,
3465616491,3465616488,0,339374544,footway,False,True,72.34718274710845,0.0,0.0,0.0,,,,
3465616492,3465616480,0,339374541,footway,False,True,20.683327943384032,0.19339247586022434,0.19339247586022434,4.0,,,,
3465616492,3465616593,0,339374545,footway,False,False,28.63230992872784,0.1397023156691474,0.1397023156691474,4.0,,,,
3465616492,3465616482,0,339374541,footway,False,False,23.99499089558912,0.0,0.0,0.0,,,,
3465616593,3465616492,0,339374545,footway,False,True,28.63230992872784,-0.1397023156691474,0.1397023156691474,-4.0,,,,
3465616599,13713087963,0,339374546,service,False,True,54.955768178238614,-0.2547503285659415,0.2547503285659415,-14.0,,,,
3503433971,3503433972,0,343508556,steps,False,False,51.64791995961817,0.15489491166836805,0.15489491166836805,8.0,,,,
3503433971,3465526097,0,1246109261,footway,False,False,1.8447183565005953,0.0,0.0,0.0,,,,
3503433971,8513577090,0,1246109261,footway,False,True,16.921887796885336,0.0,0.0,0.0,,,,
3503433972,3465526134,0,339364946,residential,False,False,8.643860594242495,0.0,0.0,0.0,,,,
3503433972,3465526132,0,339364946,residential,False,True,40.30689228948032,-0.1984772217749945,0.1984772217749945,-8.0,,,,
3503433972,3503433971,0,343508556,steps,False,True,51.64791995961817,-0.15489491166836805,0.15489491166836805,-8.0,,,,
3503433973,3465556062,0,339368852,footway,False,False,3.5259647804013894,0.0,0.0,0.0,,,,
3503433973,3465556061,0,339368852,footway,False,True,52.83746773773145,0.0,0.0,0.0,,,,
3503433973,3503433974,0,343508557,path,False,False,5.629182729745836,0.0,0.0,0.0,,,,
3503433974,3465416781,0,339368852,footway,False,False,11.838892142944518,0.0,0.0,0.0,,,,
3503433974,3465556062,0,339368852,footway,False,True,5.297604850136009,0.0,0.0,0.0,,,,
3503433974,3503433973,0,343508557,path,False,True,5.629182729745836,0.0,0.0,0.0,,,,
3503433975,13713023742,0,339368860,footway,False,False,41.71824453057003,0.0,0.0,0.0,,,,
3503433975,3465556074,0,339368860,footway,False,True,18.62723565782853,0.0,0.0,0.0,,,,
3503433975,3503433978,0,343508558,path,False,False,8.753195084544329,0.0,0.0,0.0,,,,
3503433978,3503433975,0,343508558,path,False,True,8.753195084544329,0.0,0.0,0.0,,,,
3503433978,3503433981,0,343508558,path,False,False,15.278415220831405,0.0,0.0,0.0,,,,
3503433978,3503433981,1,343508559,path,False,False,15.023753272448724,0.0,0.0,0.0,,,,
3503433981,3465556076,0,343508558,path,False,False,3.5358436487058253,0.0,0.0,0.0,,,,
3503433981,3503433978,0,343508558,path,False,True,15.278415220831404,0.0,0.0,0.0,,,,
3503433981,3503433978,1,343508559,path,False,True,15.023753272448726,0.0,0.0,0.0,,,,
3503438411,3465585313,0,343508865,footway,False,True,18.774434006841563,0.0,0.0,0.0,,,,
3503438411,3465416756,0,1246129912,footway,False,False,15.22609684863937,0.0,0.0,0.0,,,,
3503438411,3465416781,0,1246129912,footway,False,True,36.077617921663574,0.16630809753093959,0.16630809753093959,6.0,,,,
6585260698,2265527592,0,"[217272833, 339372954]","['service', 'residential']",False,True,89.31163644080888,0.0,0.0,0.0,,,,
6601940166,6601940167,0,226832137,footway,False,False,17.133197551407754,0.0,0.0,0.0,,,,
6601940166,3465526409,0,339364962,footway,False,True,26.53164989865674,0.0,0.0,0.0,,,,
6601940166,2355672208,0,226832137,footway,False,True,27.305776186040433,-0.4028451681817983,0.4028451681817983,-11.0,,,,
6601940167,6601940166,0,226832137,footway,False,True,17.133197551407754,0.0,0.0,0.0,,,,
6601940167,2355658531,0,226832137,footway,False,False,52.90613602041742,0.0,0.0,0.0,,,,
6601940167,3465526409,0,339364963,footway,False,True,44.54940464573876,0.0,0.0,0.0,,,,
6601940171,11584926725,0,339351402,footway,False,False,33.436488060701215,0.0,0.0,0.0,,,,
6601940171,3465526396,0,339351402,footway,False,True,17.72010470466961,0.0,0.0,0.0,,,,
6601940171,3465526399,0,339364958,footway,False,False,7.8251072149770815,0.0,0.0,0.0,,,,
6601940171,3465526398,0,339364958,footway,False,True,15.492890662275089,0.0,0.0,0.0,,,,
8513577088,1841498435,0,179741843,unclassified,False,True,10.876641512554917,0.0,0.0,0.0,,,,
8513577088,3465524881,0,1387817995,unclassified,False,False,13.997790315428738,0.0,0.0,0.0,,,,
8513577088,8513577090,0,916673037,service,False,False,77.45473305831257,0.0,0.0,0.0,parking_aisle,,,
8513577090,8513577088,0,916673037,service,False,True,77.45473305831257,0.0,0.0,0.0,parking_aisle,,,
8513577090,3503433971,0,1246109261,footway,False,False,16.921887796885336,0.0,0.0,0.0,,,,
8513577090,1901802883,0,"[339364936, 1246109261]","['steps', 'footway']",False,True,20.62192149629143,0.0,0.0,0.0,,,,
11253761302,11253761307,0,1214636985,path,False,True,82.14309128757313,0.0,0.0,0.0,,,,very_bad
11253761307,2230475467,0,213324894,track,False,False,188.30168583480133,0.0,0.0,0.0,,,,
11253761307,1841498444,0,213324894,track,False,True,783.2415341398636,-0.04851632394818114,0.04851632394818114,-38.0,,,,
11253761307,11253761302,0,1214636985,path,False,False,82.14309128757313,0.0,0.0,0.0,,,,very_bad
11584708539,13713023738,0,179741843,unclassified,False,True,2.8099243224675536,0.0,0.0,0.0,,,,
11584708539,3465616487,0,179741843,unclassified,False,False,24.85257986799473,0.0,0.0,0.0,,,,
11584708539,13713023742,0,"[1246109234, 339368860]",footway,False,True,21.963574711167507,0.0,0.0,0.0,,,,
11584708540,1841498459,0,1246109241,footway,False,False,8.614393801822443,0.0,0.0,0.0,,,,
11584708540,1841498451,0,173306635,unclassified,False,False,48.63097117084835,-0.020563027550629016,0.020563027550629016,-1.0,,,,
11584708540,1841498470,0,173306635,unclassified,False,True,54.9452231805058,0.0,0.0,0.0,,,,
11584708561,1841498548,0,228257939,residential,False,False,1.7793143880177082,0.0,0.0,0.0,,,,
11584708561,13058809520,0,228257939,residential,False,True,57.332469042404014,-0.05232637020710118,0.05232637020710118,-3.0,,,,
11584708561,11584727078,0,1246109252,footway,False,False,65.95862290545928,-0.04548305995260091,0.04548305995260091,-3.0,,,,
11584708562,2265527584,0,217273077,residential,False,True,1.0109124548560364,0.0,0.0,0.0,,,,
11584708562,2265527572,0,1246109256,footway,False,False,19.063166410947083,0.0,0.0,0.0,,,,
11584708562,2265527582,0,217273077,residential,False,False,75.53194128301658,0.0,0.0,0.0,,,,
11584708563,11584727081,0,1246109253,footway,False,True,49.24971171322173,0.0,0.0,0.0,,,,
11584727077,3465388638,0,217273040,footway,False,False,49.129858397501714,-0.08141688436462913,0.08141688436462913,-4.0,,,,
11584727077,3465407419,0,1246109251,footway,False,False,12.962460947340501,0.0,0.0,0.0,,,,
11584727077,3465460845,0,217273040,footway,False,True,95.17351157888638,0.02101425036042998,0.02101425036042998,2.0,,,,
11584727078,11584708561,0,1246109252,footway,False,True,65.95862290545928,0.04548305995260091,0.04548305995260091,3.0,,,,
11584727081,11584727085,0,1246109255,footway,False,True,43.5555528285266,0.0,0.0,0.0,,,,
11584727081,11584708563,0,1246109253,footway,False,False,49.24971171322173,0.0,0.0,0.0,,,,
11584727081,3465460845,0,1246109253,footway,False,True,46.483308246335056,0.06453929621578802,0.06453929621578802,3.0,,,,
11584727085,11584727081,0,1246109255,footway,False,False,43.5555528285266,0.0,0.0,0.0,,,,
11584727085,2265527582,0,1246109254,footway,False,False,51.37214982207146,0.0,0.0,0.0,,,,
11584727085,3465460848,0,1246109254,footway,False,True,48.736577797444056,0.06155540941894636,0.06155540941894636,3.0,,,,
11584727087,1901802918,0,179741836,service,False,False,1.1142408376415462,0.0,0.0,0.0,parking_aisle,,,
11584727087,2265527318,0,179741836,service,False,True,42.19413210268295,-0.1373483355809961,0.1373483355809961,-6.0,parking_aisle,,,
11584727087,2265527318,1,1246109258,footway,False,True,43.68454830282033,-0.1373483355809961,0.1373483355809961,-6.0,,,,
11584727087,3465416744,0,1246109258,footway,False,False,28.028008226673975,0.0,0.0,0.0,,,,
11584926719,2355658533,0,339351402,footway,False,False,19.492525168138812,-0.05130171649769285,0.05130171649769285,-1.0,,,,
11584926719,3465416748,0,339351402,footway,False,True,59.83115289436387,0.0,0.0,0.0,,,,
11584926719,3465548809,0,"[1246135531, 1246135532, 339366991]","['steps', 'footway']",False,"[False, True]",95.20702316265519,0.17855825584375823,0.17855825584375823,17.0,,,down,
11584926720,2355658532,0,339351409,footway,False,False,25.49211090280858,-0.39227822435443177,0.39227822435443177,-10.0,,,,
11584926720,3465416747,0,339351409,footway,False,True,78.82834644264618,0.0,0.0,0.0,,,,
11584926720,2355658533,0,"[339366988, 1246135533, 1246135534]","['steps', 'footway']",False,"[False, True]",97.72693814060732,-0.010232593172633963,0.010232593172633963,-1.0,,,down,
11584926721,3465548811,0,226832137,footway,False,False,46.10442253970256,0.0,0.0,0.0,,,,
11584926721,2355658531,0,226832137,footway,False,True,15.617979636455852,0.0,0.0,0.0,,,,
11584926721,3465548857,0,1246129908,footway,False,True,4.72641736607188,0.0,0.0,0.0,,,,
11584926722,3465548884,0,339367019,footway,False,False,5.381687214399064,0.0,0.0,0.0,,,,
11584926722,3465416792,0,339367019,footway,False,True,21.638104909957352,0.0,0.0,0.0,,,,
11584926722,3465556074,0,1246129911,footway,False,False,33.10991309868427,0.0,0.0,0.0,,,,
11584926725,11584926726,0,339351402,footway,False,False,16.233460751416114,0.0,0.0,0.0,,,,
11584926725,6601940171,0,339351402,footway,False,True,33.436488060701215,0.0,0.0,0.0,,,,
11584926725,3465526401,0,339364959,footway,False,False,7.3912992805364555,0.0,0.0,0.0,,,,
11584926725,3465526400,0,339364959,footway,False,True,15.619539833876429,0.0,0.0,0.0,,,,
11584926726,3465416748,0,339351402,footway,False,False,34.400171994436484,0.0,0.0,0.0,,,,
11584926726,11584926725,0,339351402,footway,False,True,16.233460751416114,0.0,0.0,0.0,,,,
11584926726,3465548831,0,"[339364960, 1246135528, 339366996, 1246135527]","['steps', 'footway']",False,"[False, True]",95.19361594427029,0.11555396746815237,0.11555396746815237,11.0,,,down,
11584926726,3465451503,0,"[339364960, 1246135529, 1246135530, 339355603]","['steps', 'footway']",False,"[False, True]",97.1161661264268,0.0,0.0,0.0,,,down,
11584950719,3465556091,0,339368873,footway,False,False,10.73874897369172,0.0,0.0,0.0,,,,
11584950719,3465594468,0,339372966,footway,False,False,2.3227031271433995,0.0,0.0,0.0,,,,
11584950719,3465594467,0,339372966,footway,False,True,4.376208836622511,0.0,0.0,0.0,,,,
11584950719,3465556058,0,"[339368872, 339368873]","['steps', 'footway']",False,True,30.704006588955444,0.0,0.0,0.0,,,,
11584950720,3465561396,0,339368873,footway,False,False,23.65073857908006,0.0,0.0,0.0,,,,
11584950720,3465594454,0,339368873,footway,False,True,9.779257293047621,0.0,0.0,0.0,,,,
11584950720,3465561398,0,339368874,footway,False,False,52.81667861960326,0.0,0.0,0.0,,,,
11584950720,3465561397,0,339368874,footway,False,True,51.92173578851401,0.0,0.0,0.0,,,,
11621908450,3465526135,0,339364947,footway,False,False,4.234265558251811,0.0,0.0,0.0,,,,
11621908450,3465526134,0,339364947,footway,False,True,3.2152478644299873,0.0,0.0,0.0,,,,
11621908450,2355658526,0,1246109260,footway,False,True,48.88766863321825,-0.16364044806514155,0.16364044806514155,-8.0,,,,
11633776769,11633776770,0,339367017,footway,False,False,2.9164372600695003,0.0,0.0,0.0,,,,
11633776769,3465548883,0,339367017,footway,False,True,27.372006017445525,0.0,0.0,0.0,,,,
11633776769,11633776771,0,339367005,footway,False,True,36.059520663068405,0.0,0.0,0.0,,,,
11633776770,3465548889,0,339367017,footway,False,False,16.19755826327159,0.0,0.0,0.0,,,,
11633776770,11633776769,0,339367017,footway,False,True,2.9164372600695003,0.0,0.0,0.0,,,,
11633776770,3465548886,0,339367018,footway,False,False,123.13779202414482,0.04872590210829444,0.04872590210829444,6.0,,,,
11633776770,3465548885,0,339367018,footway,False,True,49.25720421277724,0.12180959305123554,0.12180959305123554,6.0,,,,
11633776771,3465548851,0,339367012,footway,False,False,26.111098431696913,0.0,0.0,0.0,,,,
11633776771,3465548851,1,"[339367004, 339367005]",footway,False,"[False, True]",58.09426107689811,0.0,0.0,0.0,,,,
11633776771,3465548883,0,339367012,footway,False,True,23.332633106445318,0.0,0.0,0.0,,,,
11633776771,11633776769,0,339367005,footway,False,False,36.059520663068405,0.0,0.0,0.0,,,,
11633776773,3465594488,0,339368879,footway,False,False,9.736756700085783,0.0,0.0,0.0,,,,
11633776773,3465561404,0,339368879,footway,False,True,24.81476162098762,0.0,0.0,0.0,,,,
11633776773,3465561403,0,339368878,footway,False,False,61.0024518388493,0.0,0.0,0.0,,,,
11633776773,3465561402,0,339368878,footway,False,True,53.34452311411695,-0.1124764015073213,0.1124764015073213,-6.0,,,,
12847103126,3465524881,0,339364928,service,False,True,44.97679527889211,0.0,0.0,0.0,,,,
13057946642,13057946646,0,1420944134,footway,False,False,90.43205732089747,0.0,0.0,0.0,,,,
13057946646,13057946642,0,1420944134,footway,False,True,90.43205732089747,0.0,0.0,0.0,,,,
13057946653,13057946654,0,1420944135,footway,False,False,31.307407039708977,0.35135455280752154,0.35135455280752154,11.0,,,,
13057946654,13057946653,0,1420944135,footway,False,True,31.307407039708977,-0.35135455280752154,0.35135455280752154,-11.0,,,,
13057946655,13057946656,0,1420944136,footway,False,False,31.083178909854585,0.0,0.0,0.0,,,,
13057946656,13057946655,0,1420944136,footway,False,True,31.083178909854585,0.0,0.0,0.0,,,,
13057946657,13057946658,0,1420944137,footway,False,False,12.323672758952219,0.0,0.0,0.0,,,,
13057946657,13057946670,0,"[339351408, 339351406]","['steps', 'footway']",False,False,28.127672076740872,0.21331306706186595,0.21331306706186595,6.0,,,,
13057946657,3465416746,0,339351406,footway,False,True,37.27823631203653,0.0,0.0,0.0,,,,
13057946658,13057946659,0,1420944137,footway,False,False,5.886664633057818,0.0,0.0,0.0,,,,
13057946658,13057946657,0,1420944137,footway,False,True,12.323672758952219,0.0,0.0,0.0,,,,
13057946658,13057946664,0,1420944138,footway,False,False,32.963674612725995,0.1820185422435772,0.1820185422435772,6.0,,,,
13057946659,13057946658,0,1420944137,footway,False,True,5.886664633057818,0.0,0.0,0.0,,,,
13057946664,13057946658,0,1420944138,footway,False,True,32.963674612725995,-0.1820185422435772,0.1820185422435772,-6.0,,,,
13057946665,3465416747,0,226832136,footway,False,False,16.362536869284632,0.0,0.0,0.0,,,,
13057946665,3465451503,0,226832136,footway,False,True,17.334528642881317,0.0,0.0,0.0,,,,
13057946665,13057946670,0,1420944139,footway,False,False,25.781974753335547,0.0,0.0,0.0,,,,
13057946670,3465416747,0,339351408,steps,False,False,18.901513866570127,0.0,0.0,0.0,,,,
13057946670,13057946657,0,"[339351408, 339351406]","['steps', 'footway']",False,True,28.127672076740872,-0.21331306706186595,0.21331306706186595,-6.0,,,,
13057946670,13057946665,0,1420944139,footway,False,True,25.781974753335547,0.0,0.0,0.0,,,,
13057979011,1841498466,0,916673038,unclassified,False,False,277.3054473954307,-0.04687971376726084,0.04687971376726084,-13.0,,,,
13057979011,3465524881,0,916673038,unclassified,False,True,37.29124143336276,0.0,0.0,0.0,,,,
13057979011,1901802911,0,"[1420944146, 1420944147]","['steps', 'footway']",False,True,74.7582609883949,-0.0802586887478751,0.0802586887478751,-6.0,,,,
13058788589,3465585315,0,339368851,footway,False,False,25.003947972736356,0.0,0.0,0.0,,,,
13058788589,3465548866,0,1421046470,path,False,True,39.10355107579463,0.0,0.0,0.0,,,,
13058788589,3465548842,0,339368851,footway,False,True,44.36696988992695,0.0,0.0,0.0,,,,
13058788590,3465556088,0,179741843,unclassified,False,False,6.490643809397894,0.0,0.0,0.0,,,,
13058788590,3465561396,0,179741843,unclassified,False,True,47.54271287935492,-0.2524046120475155,0.2524046120475155,-12.0,,,,
13058788590,13058788594,0,"[1421046473, 1421046471]","['steps', 'footway']",False,False,33.85829185770453,0.0,0.0,0.0,,,,
13058788592,3465556088,0,179741843,unclassified,False,True,3.7486701863327285,0.0,0.0,0.0,,,,
13058788592,1841498494,0,179741843,unclassified,False,False,31.325712449052876,-0.3830718940396459,0.3830718940396459,-12.0,,,,
13058788592,13058788594,0,"[1421046472, 1421046473]","['steps', 'footway']",False,"[False, True]",38.78283367786774,0.0,0.0,0.0,,,,
13058788594,13058788595,0,1421046474,footway,False,False,13.402242476150874,0.0,0.0,0.0,,,,
13058788594,13058788592,0,"[1421046472, 1421046473]","['steps', 'footway']",False,"[False, True]",38.78283367786774,0.0,0.0,0.0,,,,
13058788594,13058788590,0,"[1421046473, 1421046471]","['steps', 'footway']",False,True,33.85829185770453,0.0,0.0,0.0,,,,
13058788595,13058788594,0,1421046474,footway,False,True,13.402242476150874,0.0,0.0,0.0,,,,
13058788598,13058809519,0,1421046477,path,False,False,73.50592921787913,0.09523041303581485,0.09523041303581485,7.0,,,,
13058809512,1841498497,0,228257939,residential,False,True,18.352838355584186,0.0,0.0,0.0,,,,
13058809512,3465407489,0,228257939,residential,False,False,35.783065386561915,0.0,0.0,0.0,,,,
13058809512,13058809513,0,1421046477,path,False,True,49.45600190894634,0.0,0.0,0.0,,,,
13058809513,13058809512,0,1421046477,path,False,False,49.45600190894634,0.0,0.0,0.0,,,,
13058809513,13058809519,0,1421046477,path,False,True,54.02157316080629,0.0,0.0,0.0,,,,
13058809513,13058809519,1,1421046478,path,False,False,62.05357649313524,0.0,0.0,0.0,,,,
13058809519,13058809513,0,1421046477,path,False,False,54.0215731608063,0.0,0.0,0.0,,,,
13058809519,13058809513,1,1421046478,path,False,True,62.05357649313524,0.0,0.0,0.0,,,,
13058809519,13058788598,0,1421046477,path,False,True,73.50592921787911,-0.09523041303581486,0.09523041303581486,-7.0,,,,
13058809520,11584708561,0,228257939,residential,False,False,57.332469042404014,0.05232637020710118,0.05232637020710118,3.0,,,,
13058809520,1841498567,0,228257939,residential,False,True,53.19876178648285,-0.09398714992780977,0.09398714992780977,-5.0,,,,
13058809520,13058809530,0,1421046479,path,False,False,160.35527821263256,0.0,0.0,0.0,,,,
13058809530,2265527786,0,217272770,unclassified,False,False,33.0415209229642,0.0,0.0,0.0,,,,
13058809530,2265527761,0,217272770,unclassified,False,True,28.464290577250708,0.0,0.0,0.0,,,,
13058809530,13058809520,0,1421046479,path,False,True,160.35527821263258,0.0,0.0,0.0,,,,
13604950641,2265527770,0,217272770,unclassified,False,False,107.31438179923757,0.018636831023651382,0.018636831023651382,2.0,,,,
13604950641,2265527814,0,217272770,unclassified,False,True,118.46432390158758,0.0,0.0,0.0,,,,
13604950641,2265527924,0,1483739707,track,False,True,162.60678913143525,-0.018449414172830733,0.018449414172830733,-3.0,,,,
13604950651,2230475555,0,"[217272771, 213324893]",track,False,False,255.1774229725891,0.03526957790841383,0.03526957790841383,9.0,,,,
13604950651,2265527924,0,217272771,track,False,True,172.64435628875665,0.0,0.0,0.0,,,,
13604950651,13604950657,0,1483739708,track,False,False,168.0136060090021,0.011903797838211036,0.011903797838211036,2.0,,,,
13604950657,13604950651,0,1483739708,track,False,True,168.0136060090021,-0.011903797838211036,0.011903797838211036,-2.0,,,,
13712974182,13712974183,0,1497267938,service,False,True,29.704777217143523,0.0,0.0,0.0,parking_aisle,,,
13712974182,13712974183,1,"[1497267939, 1497267934, 1497267935]",service,False,False,61.37837117765565,0.0,0.0,0.0,parking_aisle,,,
13712974182,13712974184,0,"[1497267936, 1497267939]",service,False,True,45.49313075713688,0.0,0.0,0.0,parking_aisle,,,
13712974183,13712974184,0,1497267934,service,False,False,16.91156322716029,0.0,0.0,0.0,parking_aisle,,,
13712974183,13712974182,0,1497267938,service,False,False,29.704777217143523,0.0,0.0,0.0,parking_aisle,,,
13712974183,13712974182,1,"[1497267939, 1497267934, 1497267935]",service,False,True,61.37837117765565,0.0,0.0,0.0,parking_aisle,,,
13712974184,13712974183,0,1497267934,service,False,True,16.91156322716029,0.0,0.0,0.0,parking_aisle,,,
13712974184,13712974198,0,1497267937,service,False,True,18.80189134338726,0.0,0.0,0.0,parking_aisle,,,
13712974184,13712974182,0,"[1497267936, 1497267939]",service,False,False,45.49313075713688,0.0,0.0,0.0,parking_aisle,,,
13712974198,13712974184,0,1497267937,service,False,False,18.80189134338726,0.0,0.0,0.0,parking_aisle,,,
13712974198,1841498523,0,179741843,unclassified,False,False,16.2644609411296,0.0,0.0,0.0,,,,
13712974198,2355658535,0,179741843,unclassified,False,True,45.83066845714142,-0.3927501082999196,0.3927501082999196,-18.0,,,,
13713023711,1841498466,0,173306633,unclassified,False,False,29.462438794240718,0.0,0.0,0.0,,,,
13713023711,1841498459,0,173306633,unclassified,False,True,22.80608242767207,0.0,0.0,0.0,,,,
13713023711,13713023719,0,1497256718,service,False,True,69.1354898038656,0.0,0.0,0.0,parking_aisle,,,
13713023719,1841498459,0,173306633,unclassified,False,False,22.14272267745787,0.0,0.0,0.0,,,,
13713023719,13713023711,0,1497256718,service,False,False,69.13548980386561,0.0,0.0,0.0,parking_aisle,,,
13713023738,11584708539,0,179741843,unclassified,False,False,2.8099243224675536,0.0,0.0,0.0,,,,
13713023738,13713023739,0,1497262969,service,False,True,21.962792722620982,0.0,0.0,0.0,,,,
13713023738,3465616486,0,179741843,unclassified,False,True,48.37098819446646,0.0,0.0,0.0,,,,
13713023739,13713023742,0,1497261318,service,False,True,2.949229252598188,0.0,0.0,0.0,parking_aisle,,,
13713023739,13713023738,0,1497262969,service,False,False,21.962792722620982,0.0,0.0,0.0,,,,
13713023739,13713023740,0,1497261318,service,False,False,39.23606809154536,0.0,0.0,0.0,parking_aisle,,,
13713023740,13713023739,0,1497261318,service,False,True,39.23606809154536,0.0,0.0,0.0,parking_aisle,,,
13713023742,3503433975,0,339368860,footway,False,True,41.71824453057003,0.0,0.0,0.0,,,,
13713023742,13713023739,0,1497261318,service,False,False,2.949229252598188,0.0,0.0,0.0,parking_aisle,,,
13713023742,11584708539,0,"[1246109234, 339368860]",footway,False,False,21.963574711167507,0.0,0.0,0.0,,,,
13713023742,13713029130,0,1497261318,service,False,True,74.44713119933496,0.0,0.0,0.0,parking_aisle,,,
13713024650,2265527625,0,1497255750,service,False,True,54.3529854742721,0.0,0.0,0.0,parking_aisle,,,
13713024650,2265527634,0,"[1497255752, 1497255751]",service,False,False,74.15986289306588,-0.040453149223398946,0.040453149223398946,-3.0,parking_aisle,,,
13713024650,2265527620,0,"[1497255752, 1497255753]",service,False,True,71.94506240012714,0.0,0.0,0.0,parking_aisle,,,
13713024683,13713024685,0,"[1497256129, 1497256130]",service,False,False,77.3835906413832,0.0,0.0,0.0,parking_aisle,,,
13713024683,13713024685,1,1497256132,service,False,True,54.71812598412598,0.0,0.0,0.0,parking_aisle,,,
13713024683,2265527531,0,"[1497256130, 1497256131]",service,False,True,81.26866241591021,0.0,0.0,0.0,parking_aisle,,,
13713024685,2265527526,0,217273089,service,False,False,34.49927680298823,0.0,0.0,0.0,parking_aisle,,,
13713024685,2265527531,0,217273089,service,False,True,20.51116537706698,0.0,0.0,0.0,parking_aisle,,,
13713024685,13713024683,0,"[1497256129, 1497256130]",service,False,True,77.3835906413832,0.0,0.0,0.0,parking_aisle,,,
13713024685,13713024683,1,1497256132,service,False,False,54.71812598412599,0.0,0.0,0.0,parking_aisle,,,
13713029130,3465548920,0,1246109262,footway,False,True,23.967557038674393,0.0,0.0,0.0,,,,
13713029130,13713029132,0,1497261318,service,False,True,15.145219347976695,0.0,0.0,0.0,parking_aisle,,,
13713029130,3465556078,0,"[339367019, 1246109262]",footway,False,"[False, True]",32.75016953617735,0.0,0.0,0.0,,,,
13713029130,13713023742,0,1497261318,service,False,False,74.44713119933496,0.0,0.0,0.0,parking_aisle,,,
13713029131,3465548882,0,179741843,unclassified,False,False,10.063826351742193,0.0,0.0,0.0,,,,
13713029131,3465548920,0,179741843,unclassified,False,True,8.67289000376748,0.0,0.0,0.0,,,,
13713029131,13713029132,0,1497261319,service,False,True,9.846494765537832,0.0,0.0,0.0,,,,
13713029132,13713029130,0,1497261318,service,False,False,15.145219347976695,0.0,0.0,0.0,parking_aisle,,,
13713029132,13713029131,0,1497261319,service,False,False,9.846494765537832,0.0,0.0,0.0,,,,
13713029132,3465548889,0,"[1497261320, 339367020]","['service', 'footway']",False,True,141.41150421497932,-0.04242936268380658,0.04242936268380658,-6.0,parking_aisle,,,
13713066418,13713066421,0,1497259797,service,False,True,40.91539593906873,0.0,0.0,0.0,,,,
13713066418,3465548878,0,179741843,unclassified,False,False,93.08839194031394,-0.13965221365447253,0.13965221365447253,-13.0,,,,
13713066418,3465548882,0,179741843,unclassified,False,True,35.489755671664035,0.0,0.0,0.0,,,,
13713066419,13713066421,0,1497259796,service,False,True,60.04015417554336,0.0,0.0,0.0,,,,
13713066421,13713066418,0,1497259797,service,False,False,40.91539593906873,0.0,0.0,0.0,,,,
13713066421,13713066419,0,1497259796,service,False,False,60.04015417554336,0.0,0.0,0.0,,,,
13713066421,13713066425,0,1497259798,service,False,True,80.99492017755279,-0.1605038929787459,0.1605038929787459,-13.0,,,,
13713066425,13713066421,0,1497259798,service,False,False,80.99492017755279,0.1605038929787459,0.1605038929787459,13.0,,,,
13713087951,13713087963,0,1497263839,service,False,True,74.84140724526179,0.0,0.0,0.0,,,,
13713087963,3465616599,0,339374546,service,False,False,54.95576817823861,0.25475032856594154,0.25475032856594154,14.0,,,,
13713087963,1841498494,0,339374546,service,False,True,49.61024758625484,0.040314251536896696,0.040314251536896696,2.0,,,,
13713087963,13713087951,0,1497263839,service,False,False,74.84140724526179,0.0,0.0,0.0,,,,
13713095648,3465616486,0,179741843,unclassified,False,False,17.448066628274773,0.0,0.0,0.0,,,,
13713095648,1841498491,0,179741843,unclassified,False,True,25.1728459104649,0.0,0.0,0.0,,,,
13713095648,13713095653,0,1497265931,service,False,True,35.299519959106355,0.0,0.0,0.0,,,,
13713095653,13713095648,0,1497265931,service,False,False,35.29951995910636,0.0,0.0,0.0,,,,
13713098716,3465561396,0,179741843,unclassified,False,False,36.920915633558806,0.0,0.0,0.0,,,,
13713098716,3465561399,0,179741843,unclassified,False,True,24.27079166786409,0.0,0.0,0.0,,,,
13713098716,13713098739,0,1497266216,service,False,True,176.03391477608287,0.0,0.0,0.0,parking_aisle,,,
13713098739,3465561401,0,179741843,unclassified,False,False,33.31750649585977,0.0,0.0,0.0,,,,
13713098739,3465561404,0,179741843,unclassified,False,True,31.034472569228,0.0,0.0,0.0,,,,
13713098739,13713098716,0,1497266216,service,False,False,176.03391477608287,0.0,0.0,0.0,parking_aisle,,,
13713100870,13713100874,0,1497268583,service,False,True,14.361872271397798,0.0,0.0,0.0,parking_aisle,,,
13713100870,13713100870,0,"[1497268580, 1497268581, 1497268582, 1497268583]",service,False,True,166.74562071768224,0.0,0.0,0.0,parking_aisle,,,
13713100870,13713100870,1,"[1497268580, 1497268581, 1497268582, 1497268583]",service,False,False,166.74562071768224,0.0,0.0,0.0,parking_aisle,,,
13713100874,13713100870,0,1497268583,service,False,False,14.361872271397798,0.0,0.0,0.0,parking_aisle,,,
13713100874,2355658535,0,179741843,unclassified,False,False,116.48920534193874,0.0,0.0,0.0,,,,
13713100874,1841498508,0,179741843,unclassified,False,True,80.13106450185533,-0.11231599200571729,0.11231599200571729,-9.0,,,,
